,Emotions,Path
0,neutral,../Datasets/RAVDESS/Actor_01/03-01-01-01-01-01-01.wav
1,neutral,../Datasets/RAVDESS/Actor_01/03-01-01-01-01-02-01.wav
2,neutral,../Datasets/RAVDESS/Actor_01/03-01-01-01-02-01-01.wav
3,neutral,../Datasets/RAVDESS/Actor_01/03-01-01-01-02-02-01.wav
4,calm,../Datasets/RAVDESS/Actor_01/03-01-02-01-01-01-01.wav
5,calm,../Datasets/RAVDESS/Actor_01/03-01-02-01-01-02-01.wav
6,calm,../Datasets/RAVDESS/Actor_01/03-01-02-01-02-01-01.wav
7,calm,../Datasets/RAVDESS/Actor_01/03-01-02-01-02-02-01.wav
8,calm,../Datasets/RAVDESS/Actor_01/03-01-02-02-01-01-01.wav
9,calm,../Datasets/RAVDESS/Actor_01/03-01-02-02-01-02-01.wav
10,calm,../Datasets/RAVDESS/Actor_01/03-01-02-02-02-01-01.wav
11,calm,../Datasets/RAVDESS/Actor_01/03-01-02-02-02-02-01.wav
12,happy,../Datasets/RAVDESS/Actor_01/03-01-03-01-01-01-01.wav
13,happy,../Datasets/RAVDESS/Actor_01/03-01-03-01-01-02-01.wav
14,happy,../Datasets/RAVDESS/Actor_01/03-01-03-01-02-01-01.wav
15,happy,../Datasets/RAVDESS/Actor_01/03-01-03-01-02-02-01.wav
16,happy,../Datasets/RAVDESS/Actor_01/03-01-03-02-01-01-01.wav
17,happy,../Datasets/RAVDESS/Actor_01/03-01-03-02-01-02-01.wav
18,happy,../Datasets/RAVDESS/Actor_01/03-01-03-02-02-01-01.wav
19,happy,../Datasets/RAVDESS/Actor_01/03-01-03-02-02-02-01.wav
20,sad,../Datasets/RAVDESS/Actor_01/03-01-04-01-01-01-01.wav
21,sad,../Datasets/RAVDESS/Actor_01/03-01-04-01-01-02-01.wav
22,sad,../Datasets/RAVDESS/Actor_01/03-01-04-01-02-01-01.wav
23,sad,../Datasets/RAVDESS/Actor_01/03-01-04-01-02-02-01.wav
24,sad,../Datasets/RAVDESS/Actor_01/03-01-04-02-01-01-01.wav
25,sad,../Datasets/RAVDESS/Actor_01/03-01-04-02-01-02-01.wav
26,sad,../Datasets/RAVDESS/Actor_01/03-01-04-02-02-01-01.wav
27,sad,../Datasets/RAVDESS/Actor_01/03-01-04-02-02-02-01.wav
28,angry,../Datasets/RAVDESS/Actor_01/03-01-05-01-01-01-01.wav
29,angry,../Datasets/RAVDESS/Actor_01/03-01-05-01-01-02-01.wav
30,angry,../Datasets/RAVDESS/Actor_01/03-01-05-01-02-01-01.wav
31,angry,../Datasets/RAVDESS/Actor_01/03-01-05-01-02-02-01.wav
32,angry,../Datasets/RAVDESS/Actor_01/03-01-05-02-01-01-01.wav
33,angry,../Datasets/RAVDESS/Actor_01/03-01-05-02-01-02-01.wav
34,angry,../Datasets/RAVDESS/Actor_01/03-01-05-02-02-01-01.wav
35,angry,../Datasets/RAVDESS/Actor_01/03-01-05-02-02-02-01.wav
36,fear,../Datasets/RAVDESS/Actor_01/03-01-06-01-01-01-01.wav
37,fear,../Datasets/RAVDESS/Actor_01/03-01-06-01-01-02-01.wav
38,fear,../Datasets/RAVDESS/Actor_01/03-01-06-01-02-01-01.wav
39,fear,../Datasets/RAVDESS/Actor_01/03-01-06-01-02-02-01.wav
40,fear,../Datasets/RAVDESS/Actor_01/03-01-06-02-01-01-01.wav
41,fear,../Datasets/RAVDESS/Actor_01/03-01-06-02-01-02-01.wav
42,fear,../Datasets/RAVDESS/Actor_01/03-01-06-02-02-01-01.wav
43,fear,../Datasets/RAVDESS/Actor_01/03-01-06-02-02-02-01.wav
44,disgust,../Datasets/RAVDESS/Actor_01/03-01-07-01-01-01-01.wav
45,disgust,../Datasets/RAVDESS/Actor_01/03-01-07-01-01-02-01.wav
46,disgust,../Datasets/RAVDESS/Actor_01/03-01-07-01-02-01-01.wav
47,disgust,../Datasets/RAVDESS/Actor_01/03-01-07-01-02-02-01.wav
48,disgust,../Datasets/RAVDESS/Actor_01/03-01-07-02-01-01-01.wav
49,disgust,../Datasets/RAVDESS/Actor_01/03-01-07-02-01-02-01.wav
50,disgust,../Datasets/RAVDESS/Actor_01/03-01-07-02-02-01-01.wav
51,disgust,../Datasets/RAVDESS/Actor_01/03-01-07-02-02-02-01.wav
52,surprise,../Datasets/RAVDESS/Actor_01/03-01-08-01-01-01-01.wav
53,surprise,../Datasets/RAVDESS/Actor_01/03-01-08-01-01-02-01.wav
54,surprise,../Datasets/RAVDESS/Actor_01/03-01-08-01-02-01-01.wav
55,surprise,../Datasets/RAVDESS/Actor_01/03-01-08-01-02-02-01.wav
56,surprise,../Datasets/RAVDESS/Actor_01/03-01-08-02-01-01-01.wav
57,surprise,../Datasets/RAVDESS/Actor_01/03-01-08-02-01-02-01.wav
58,surprise,../Datasets/RAVDESS/Actor_01/03-01-08-02-02-01-01.wav
59,surprise,../Datasets/RAVDESS/Actor_01/03-01-08-02-02-02-01.wav
60,neutral,../Datasets/RAVDESS/Actor_02/03-01-01-01-01-01-02.wav
61,neutral,../Datasets/RAVDESS/Actor_02/03-01-01-01-01-02-02.wav
62,neutral,../Datasets/RAVDESS/Actor_02/03-01-01-01-02-01-02.wav
63,neutral,../Datasets/RAVDESS/Actor_02/03-01-01-01-02-02-02.wav
64,calm,../Datasets/RAVDESS/Actor_02/03-01-02-01-01-01-02.wav
65,calm,../Datasets/RAVDESS/Actor_02/03-01-02-01-01-02-02.wav
66,calm,../Datasets/RAVDESS/Actor_02/03-01-02-01-02-01-02.wav
67,calm,../Datasets/RAVDESS/Actor_02/03-01-02-01-02-02-02.wav
68,calm,../Datasets/RAVDESS/Actor_02/03-01-02-02-01-01-02.wav
69,calm,../Datasets/RAVDESS/Actor_02/03-01-02-02-01-02-02.wav
70,calm,../Datasets/RAVDESS/Actor_02/03-01-02-02-02-01-02.wav
71,calm,../Datasets/RAVDESS/Actor_02/03-01-02-02-02-02-02.wav
72,happy,../Datasets/RAVDESS/Actor_02/03-01-03-01-01-01-02.wav
73,happy,../Datasets/RAVDESS/Actor_02/03-01-03-01-01-02-02.wav
74,happy,../Datasets/RAVDESS/Actor_02/03-01-03-01-02-01-02.wav
75,happy,../Datasets/RAVDESS/Actor_02/03-01-03-01-02-02-02.wav
76,happy,../Datasets/RAVDESS/Actor_02/03-01-03-02-01-01-02.wav
77,happy,../Datasets/RAVDESS/Actor_02/03-01-03-02-01-02-02.wav
78,happy,../Datasets/RAVDESS/Actor_02/03-01-03-02-02-01-02.wav
79,happy,../Datasets/RAVDESS/Actor_02/03-01-03-02-02-02-02.wav
80,sad,../Datasets/RAVDESS/Actor_02/03-01-04-01-01-01-02.wav
81,sad,../Datasets/RAVDESS/Actor_02/03-01-04-01-01-02-02.wav
82,sad,../Datasets/RAVDESS/Actor_02/03-01-04-01-02-01-02.wav
83,sad,../Datasets/RAVDESS/Actor_02/03-01-04-01-02-02-02.wav
84,sad,../Datasets/RAVDESS/Actor_02/03-01-04-02-01-01-02.wav
85,sad,../Datasets/RAVDESS/Actor_02/03-01-04-02-01-02-02.wav
86,sad,../Datasets/RAVDESS/Actor_02/03-01-04-02-02-01-02.wav
87,sad,../Datasets/RAVDESS/Actor_02/03-01-04-02-02-02-02.wav
88,angry,../Datasets/RAVDESS/Actor_02/03-01-05-01-01-01-02.wav
89,angry,../Datasets/RAVDESS/Actor_02/03-01-05-01-01-02-02.wav
90,angry,../Datasets/RAVDESS/Actor_02/03-01-05-01-02-01-02.wav
91,angry,../Datasets/RAVDESS/Actor_02/03-01-05-01-02-02-02.wav
92,angry,../Datasets/RAVDESS/Actor_02/03-01-05-02-01-01-02.wav
93,angry,../Datasets/RAVDESS/Actor_02/03-01-05-02-01-02-02.wav
94,angry,../Datasets/RAVDESS/Actor_02/03-01-05-02-02-01-02.wav
95,angry,../Datasets/RAVDESS/Actor_02/03-01-05-02-02-02-02.wav
96,fear,../Datasets/RAVDESS/Actor_02/03-01-06-01-01-01-02.wav
97,fear,../Datasets/RAVDESS/Actor_02/03-01-06-01-01-02-02.wav
98,fear,../Datasets/RAVDESS/Actor_02/03-01-06-01-02-01-02.wav
99,fear,../Datasets/RAVDESS/Actor_02/03-01-06-01-02-02-02.wav
100,fear,../Datasets/RAVDESS/Actor_02/03-01-06-02-01-01-02.wav
101,fear,../Datasets/RAVDESS/Actor_02/03-01-06-02-01-02-02.wav
102,fear,../Datasets/RAVDESS/Actor_02/03-01-06-02-02-01-02.wav
103,fear,../Datasets/RAVDESS/Actor_02/03-01-06-02-02-02-02.wav
104,disgust,../Datasets/RAVDESS/Actor_02/03-01-07-01-01-01-02.wav
105,disgust,../Datasets/RAVDESS/Actor_02/03-01-07-01-01-02-02.wav
106,disgust,../Datasets/RAVDESS/Actor_02/03-01-07-01-02-01-02.wav
107,disgust,../Datasets/RAVDESS/Actor_02/03-01-07-01-02-02-02.wav
108,disgust,../Datasets/RAVDESS/Actor_02/03-01-07-02-01-01-02.wav
109,disgust,../Datasets/RAVDESS/Actor_02/03-01-07-02-01-02-02.wav
110,disgust,../Datasets/RAVDESS/Actor_02/03-01-07-02-02-01-02.wav
111,disgust,../Datasets/RAVDESS/Actor_02/03-01-07-02-02-02-02.wav
112,surprise,../Datasets/RAVDESS/Actor_02/03-01-08-01-01-01-02.wav
113,surprise,../Datasets/RAVDESS/Actor_02/03-01-08-01-01-02-02.wav
114,surprise,../Datasets/RAVDESS/Actor_02/03-01-08-01-02-01-02.wav
115,surprise,../Datasets/RAVDESS/Actor_02/03-01-08-01-02-02-02.wav
116,surprise,../Datasets/RAVDESS/Actor_02/03-01-08-02-01-01-02.wav
117,surprise,../Datasets/RAVDESS/Actor_02/03-01-08-02-01-02-02.wav
118,surprise,../Datasets/RAVDESS/Actor_02/03-01-08-02-02-01-02.wav
119,surprise,../Datasets/RAVDESS/Actor_02/03-01-08-02-02-02-02.wav
120,neutral,../Datasets/RAVDESS/Actor_03/03-01-01-01-01-01-03.wav
121,neutral,../Datasets/RAVDESS/Actor_03/03-01-01-01-01-02-03.wav
122,neutral,../Datasets/RAVDESS/Actor_03/03-01-01-01-02-01-03.wav
123,neutral,../Datasets/RAVDESS/Actor_03/03-01-01-01-02-02-03.wav
124,calm,../Datasets/RAVDESS/Actor_03/03-01-02-01-01-01-03.wav
125,calm,../Datasets/RAVDESS/Actor_03/03-01-02-01-01-02-03.wav
126,calm,../Datasets/RAVDESS/Actor_03/03-01-02-01-02-01-03.wav
127,calm,../Datasets/RAVDESS/Actor_03/03-01-02-01-02-02-03.wav
128,calm,../Datasets/RAVDESS/Actor_03/03-01-02-02-01-01-03.wav
129,calm,../Datasets/RAVDESS/Actor_03/03-01-02-02-01-02-03.wav
130,calm,../Datasets/RAVDESS/Actor_03/03-01-02-02-02-01-03.wav
131,calm,../Datasets/RAVDESS/Actor_03/03-01-02-02-02-02-03.wav
132,happy,../Datasets/RAVDESS/Actor_03/03-01-03-01-01-01-03.wav
133,happy,../Datasets/RAVDESS/Actor_03/03-01-03-01-01-02-03.wav
134,happy,../Datasets/RAVDESS/Actor_03/03-01-03-01-02-01-03.wav
135,happy,../Datasets/RAVDESS/Actor_03/03-01-03-01-02-02-03.wav
136,happy,../Datasets/RAVDESS/Actor_03/03-01-03-02-01-01-03.wav
137,happy,../Datasets/RAVDESS/Actor_03/03-01-03-02-01-02-03.wav
138,happy,../Datasets/RAVDESS/Actor_03/03-01-03-02-02-01-03.wav
139,happy,../Datasets/RAVDESS/Actor_03/03-01-03-02-02-02-03.wav
140,sad,../Datasets/RAVDESS/Actor_03/03-01-04-01-01-01-03.wav
141,sad,../Datasets/RAVDESS/Actor_03/03-01-04-01-01-02-03.wav
142,sad,../Datasets/RAVDESS/Actor_03/03-01-04-01-02-01-03.wav
143,sad,../Datasets/RAVDESS/Actor_03/03-01-04-01-02-02-03.wav
144,sad,../Datasets/RAVDESS/Actor_03/03-01-04-02-01-01-03.wav
145,sad,../Datasets/RAVDESS/Actor_03/03-01-04-02-01-02-03.wav
146,sad,../Datasets/RAVDESS/Actor_03/03-01-04-02-02-01-03.wav
147,sad,../Datasets/RAVDESS/Actor_03/03-01-04-02-02-02-03.wav
148,angry,../Datasets/RAVDESS/Actor_03/03-01-05-01-01-01-03.wav
149,angry,../Datasets/RAVDESS/Actor_03/03-01-05-01-01-02-03.wav
150,angry,../Datasets/RAVDESS/Actor_03/03-01-05-01-02-01-03.wav
151,angry,../Datasets/RAVDESS/Actor_03/03-01-05-01-02-02-03.wav
152,angry,../Datasets/RAVDESS/Actor_03/03-01-05-02-01-01-03.wav
153,angry,../Datasets/RAVDESS/Actor_03/03-01-05-02-01-02-03.wav
154,angry,../Datasets/RAVDESS/Actor_03/03-01-05-02-02-01-03.wav
155,angry,../Datasets/RAVDESS/Actor_03/03-01-05-02-02-02-03.wav
156,fear,../Datasets/RAVDESS/Actor_03/03-01-06-01-01-01-03.wav
157,fear,../Datasets/RAVDESS/Actor_03/03-01-06-01-01-02-03.wav
158,fear,../Datasets/RAVDESS/Actor_03/03-01-06-01-02-01-03.wav
159,fear,../Datasets/RAVDESS/Actor_03/03-01-06-01-02-02-03.wav
160,fear,../Datasets/RAVDESS/Actor_03/03-01-06-02-01-01-03.wav
161,fear,../Datasets/RAVDESS/Actor_03/03-01-06-02-01-02-03.wav
162,fear,../Datasets/RAVDESS/Actor_03/03-01-06-02-02-01-03.wav
163,fear,../Datasets/RAVDESS/Actor_03/03-01-06-02-02-02-03.wav
164,disgust,../Datasets/RAVDESS/Actor_03/03-01-07-01-01-01-03.wav
165,disgust,../Datasets/RAVDESS/Actor_03/03-01-07-01-01-02-03.wav
166,disgust,../Datasets/RAVDESS/Actor_03/03-01-07-01-02-01-03.wav
167,disgust,../Datasets/RAVDESS/Actor_03/03-01-07-01-02-02-03.wav
168,disgust,../Datasets/RAVDESS/Actor_03/03-01-07-02-01-01-03.wav
169,disgust,../Datasets/RAVDESS/Actor_03/03-01-07-02-01-02-03.wav
170,disgust,../Datasets/RAVDESS/Actor_03/03-01-07-02-02-01-03.wav
171,disgust,../Datasets/RAVDESS/Actor_03/03-01-07-02-02-02-03.wav
172,surprise,../Datasets/RAVDESS/Actor_03/03-01-08-01-01-01-03.wav
173,surprise,../Datasets/RAVDESS/Actor_03/03-01-08-01-01-02-03.wav
174,surprise,../Datasets/RAVDESS/Actor_03/03-01-08-01-02-01-03.wav
175,surprise,../Datasets/RAVDESS/Actor_03/03-01-08-01-02-02-03.wav
176,surprise,../Datasets/RAVDESS/Actor_03/03-01-08-02-01-01-03.wav
177,surprise,../Datasets/RAVDESS/Actor_03/03-01-08-02-01-02-03.wav
178,surprise,../Datasets/RAVDESS/Actor_03/03-01-08-02-02-01-03.wav
179,surprise,../Datasets/RAVDESS/Actor_03/03-01-08-02-02-02-03.wav
180,neutral,../Datasets/RAVDESS/Actor_04/03-01-01-01-01-01-04.wav
181,neutral,../Datasets/RAVDESS/Actor_04/03-01-01-01-01-02-04.wav
182,neutral,../Datasets/RAVDESS/Actor_04/03-01-01-01-02-01-04.wav
183,neutral,../Datasets/RAVDESS/Actor_04/03-01-01-01-02-02-04.wav
184,calm,../Datasets/RAVDESS/Actor_04/03-01-02-01-01-01-04.wav
185,calm,../Datasets/RAVDESS/Actor_04/03-01-02-01-01-02-04.wav
186,calm,../Datasets/RAVDESS/Actor_04/03-01-02-01-02-01-04.wav
187,calm,../Datasets/RAVDESS/Actor_04/03-01-02-01-02-02-04.wav
188,calm,../Datasets/RAVDESS/Actor_04/03-01-02-02-01-01-04.wav
189,calm,../Datasets/RAVDESS/Actor_04/03-01-02-02-01-02-04.wav
190,calm,../Datasets/RAVDESS/Actor_04/03-01-02-02-02-01-04.wav
191,calm,../Datasets/RAVDESS/Actor_04/03-01-02-02-02-02-04.wav
192,happy,../Datasets/RAVDESS/Actor_04/03-01-03-01-01-01-04.wav
193,happy,../Datasets/RAVDESS/Actor_04/03-01-03-01-01-02-04.wav
194,happy,../Datasets/RAVDESS/Actor_04/03-01-03-01-02-01-04.wav
195,happy,../Datasets/RAVDESS/Actor_04/03-01-03-01-02-02-04.wav
196,happy,../Datasets/RAVDESS/Actor_04/03-01-03-02-01-01-04.wav
197,happy,../Datasets/RAVDESS/Actor_04/03-01-03-02-01-02-04.wav
198,happy,../Datasets/RAVDESS/Actor_04/03-01-03-02-02-01-04.wav
199,happy,../Datasets/RAVDESS/Actor_04/03-01-03-02-02-02-04.wav
200,sad,../Datasets/RAVDESS/Actor_04/03-01-04-01-01-01-04.wav
201,sad,../Datasets/RAVDESS/Actor_04/03-01-04-01-01-02-04.wav
202,sad,../Datasets/RAVDESS/Actor_04/03-01-04-01-02-01-04.wav
203,sad,../Datasets/RAVDESS/Actor_04/03-01-04-01-02-02-04.wav
204,sad,../Datasets/RAVDESS/Actor_04/03-01-04-02-01-01-04.wav
205,sad,../Datasets/RAVDESS/Actor_04/03-01-04-02-01-02-04.wav
206,sad,../Datasets/RAVDESS/Actor_04/03-01-04-02-02-01-04.wav
207,sad,../Datasets/RAVDESS/Actor_04/03-01-04-02-02-02-04.wav
208,angry,../Datasets/RAVDESS/Actor_04/03-01-05-01-01-01-04.wav
209,angry,../Datasets/RAVDESS/Actor_04/03-01-05-01-01-02-04.wav
210,angry,../Datasets/RAVDESS/Actor_04/03-01-05-01-02-01-04.wav
211,angry,../Datasets/RAVDESS/Actor_04/03-01-05-01-02-02-04.wav
212,angry,../Datasets/RAVDESS/Actor_04/03-01-05-02-01-01-04.wav
213,angry,../Datasets/RAVDESS/Actor_04/03-01-05-02-01-02-04.wav
214,angry,../Datasets/RAVDESS/Actor_04/03-01-05-02-02-01-04.wav
215,angry,../Datasets/RAVDESS/Actor_04/03-01-05-02-02-02-04.wav
216,fear,../Datasets/RAVDESS/Actor_04/03-01-06-01-01-01-04.wav
217,fear,../Datasets/RAVDESS/Actor_04/03-01-06-01-01-02-04.wav
218,fear,../Datasets/RAVDESS/Actor_04/03-01-06-01-02-01-04.wav
219,fear,../Datasets/RAVDESS/Actor_04/03-01-06-01-02-02-04.wav
220,fear,../Datasets/RAVDESS/Actor_04/03-01-06-02-01-01-04.wav
221,fear,../Datasets/RAVDESS/Actor_04/03-01-06-02-01-02-04.wav
222,fear,../Datasets/RAVDESS/Actor_04/03-01-06-02-02-01-04.wav
223,fear,../Datasets/RAVDESS/Actor_04/03-01-06-02-02-02-04.wav
224,disgust,../Datasets/RAVDESS/Actor_04/03-01-07-01-01-01-04.wav
225,disgust,../Datasets/RAVDESS/Actor_04/03-01-07-01-01-02-04.wav
226,disgust,../Datasets/RAVDESS/Actor_04/03-01-07-01-02-01-04.wav
227,disgust,../Datasets/RAVDESS/Actor_04/03-01-07-01-02-02-04.wav
228,disgust,../Datasets/RAVDESS/Actor_04/03-01-07-02-01-01-04.wav
229,disgust,../Datasets/RAVDESS/Actor_04/03-01-07-02-01-02-04.wav
230,disgust,../Datasets/RAVDESS/Actor_04/03-01-07-02-02-01-04.wav
231,disgust,../Datasets/RAVDESS/Actor_04/03-01-07-02-02-02-04.wav
232,surprise,../Datasets/RAVDESS/Actor_04/03-01-08-01-01-01-04.wav
233,surprise,../Datasets/RAVDESS/Actor_04/03-01-08-01-01-02-04.wav
234,surprise,../Datasets/RAVDESS/Actor_04/03-01-08-01-02-01-04.wav
235,surprise,../Datasets/RAVDESS/Actor_04/03-01-08-01-02-02-04.wav
236,surprise,../Datasets/RAVDESS/Actor_04/03-01-08-02-01-01-04.wav
237,surprise,../Datasets/RAVDESS/Actor_04/03-01-08-02-01-02-04.wav
238,surprise,../Datasets/RAVDESS/Actor_04/03-01-08-02-02-01-04.wav
239,surprise,../Datasets/RAVDESS/Actor_04/03-01-08-02-02-02-04.wav
240,neutral,../Datasets/RAVDESS/Actor_05/03-01-01-01-01-01-05.wav
241,neutral,../Datasets/RAVDESS/Actor_05/03-01-01-01-01-02-05.wav
242,neutral,../Datasets/RAVDESS/Actor_05/03-01-01-01-02-01-05.wav
243,neutral,../Datasets/RAVDESS/Actor_05/03-01-01-01-02-02-05.wav
244,calm,../Datasets/RAVDESS/Actor_05/03-01-02-01-01-01-05.wav
245,calm,../Datasets/RAVDESS/Actor_05/03-01-02-01-01-02-05.wav
246,calm,../Datasets/RAVDESS/Actor_05/03-01-02-01-02-01-05.wav
247,calm,../Datasets/RAVDESS/Actor_05/03-01-02-01-02-02-05.wav
248,calm,../Datasets/RAVDESS/Actor_05/03-01-02-02-01-01-05.wav
249,calm,../Datasets/RAVDESS/Actor_05/03-01-02-02-01-02-05.wav
250,calm,../Datasets/RAVDESS/Actor_05/03-01-02-02-02-01-05.wav
251,calm,../Datasets/RAVDESS/Actor_05/03-01-02-02-02-02-05.wav
252,happy,../Datasets/RAVDESS/Actor_05/03-01-03-01-01-01-05.wav
253,happy,../Datasets/RAVDESS/Actor_05/03-01-03-01-01-02-05.wav
254,happy,../Datasets/RAVDESS/Actor_05/03-01-03-01-02-01-05.wav
255,happy,../Datasets/RAVDESS/Actor_05/03-01-03-01-02-02-05.wav
256,happy,../Datasets/RAVDESS/Actor_05/03-01-03-02-01-01-05.wav
257,happy,../Datasets/RAVDESS/Actor_05/03-01-03-02-01-02-05.wav
258,happy,../Datasets/RAVDESS/Actor_05/03-01-03-02-02-01-05.wav
259,happy,../Datasets/RAVDESS/Actor_05/03-01-03-02-02-02-05.wav
260,sad,../Datasets/RAVDESS/Actor_05/03-01-04-01-01-01-05.wav
261,sad,../Datasets/RAVDESS/Actor_05/03-01-04-01-01-02-05.wav
262,sad,../Datasets/RAVDESS/Actor_05/03-01-04-01-02-01-05.wav
263,sad,../Datasets/RAVDESS/Actor_05/03-01-04-01-02-02-05.wav
264,sad,../Datasets/RAVDESS/Actor_05/03-01-04-02-01-01-05.wav
265,sad,../Datasets/RAVDESS/Actor_05/03-01-04-02-01-02-05.wav
266,sad,../Datasets/RAVDESS/Actor_05/03-01-04-02-02-01-05.wav
267,sad,../Datasets/RAVDESS/Actor_05/03-01-04-02-02-02-05.wav
268,angry,../Datasets/RAVDESS/Actor_05/03-01-05-01-01-01-05.wav
269,angry,../Datasets/RAVDESS/Actor_05/03-01-05-01-01-02-05.wav
270,angry,../Datasets/RAVDESS/Actor_05/03-01-05-01-02-01-05.wav
271,angry,../Datasets/RAVDESS/Actor_05/03-01-05-01-02-02-05.wav
272,angry,../Datasets/RAVDESS/Actor_05/03-01-05-02-01-01-05.wav
273,angry,../Datasets/RAVDESS/Actor_05/03-01-05-02-01-02-05.wav
274,angry,../Datasets/RAVDESS/Actor_05/03-01-05-02-02-01-05.wav
275,angry,../Datasets/RAVDESS/Actor_05/03-01-05-02-02-02-05.wav
276,fear,../Datasets/RAVDESS/Actor_05/03-01-06-01-01-01-05.wav
277,fear,../Datasets/RAVDESS/Actor_05/03-01-06-01-01-02-05.wav
278,fear,../Datasets/RAVDESS/Actor_05/03-01-06-01-02-01-05.wav
279,fear,../Datasets/RAVDESS/Actor_05/03-01-06-01-02-02-05.wav
280,fear,../Datasets/RAVDESS/Actor_05/03-01-06-02-01-01-05.wav
281,fear,../Datasets/RAVDESS/Actor_05/03-01-06-02-01-02-05.wav
282,fear,../Datasets/RAVDESS/Actor_05/03-01-06-02-02-01-05.wav
283,fear,../Datasets/RAVDESS/Actor_05/03-01-06-02-02-02-05.wav
284,disgust,../Datasets/RAVDESS/Actor_05/03-01-07-01-01-01-05.wav
285,disgust,../Datasets/RAVDESS/Actor_05/03-01-07-01-01-02-05.wav
286,disgust,../Datasets/RAVDESS/Actor_05/03-01-07-01-02-01-05.wav
287,disgust,../Datasets/RAVDESS/Actor_05/03-01-07-01-02-02-05.wav
288,disgust,../Datasets/RAVDESS/Actor_05/03-01-07-02-01-01-05.wav
289,disgust,../Datasets/RAVDESS/Actor_05/03-01-07-02-01-02-05.wav
290,disgust,../Datasets/RAVDESS/Actor_05/03-01-07-02-02-01-05.wav
291,disgust,../Datasets/RAVDESS/Actor_05/03-01-07-02-02-02-05.wav
292,surprise,../Datasets/RAVDESS/Actor_05/03-01-08-01-01-01-05.wav
293,surprise,../Datasets/RAVDESS/Actor_05/03-01-08-01-01-02-05.wav
294,surprise,../Datasets/RAVDESS/Actor_05/03-01-08-01-02-01-05.wav
295,surprise,../Datasets/RAVDESS/Actor_05/03-01-08-01-02-02-05.wav
296,surprise,../Datasets/RAVDESS/Actor_05/03-01-08-02-01-01-05.wav
297,surprise,../Datasets/RAVDESS/Actor_05/03-01-08-02-01-02-05.wav
298,surprise,../Datasets/RAVDESS/Actor_05/03-01-08-02-02-01-05.wav
299,surprise,../Datasets/RAVDESS/Actor_05/03-01-08-02-02-02-05.wav
300,neutral,../Datasets/RAVDESS/Actor_06/03-01-01-01-01-01-06.wav
301,neutral,../Datasets/RAVDESS/Actor_06/03-01-01-01-01-02-06.wav
302,neutral,../Datasets/RAVDESS/Actor_06/03-01-01-01-02-01-06.wav
303,neutral,../Datasets/RAVDESS/Actor_06/03-01-01-01-02-02-06.wav
304,calm,../Datasets/RAVDESS/Actor_06/03-01-02-01-01-01-06.wav
305,calm,../Datasets/RAVDESS/Actor_06/03-01-02-01-01-02-06.wav
306,calm,../Datasets/RAVDESS/Actor_06/03-01-02-01-02-01-06.wav
307,calm,../Datasets/RAVDESS/Actor_06/03-01-02-01-02-02-06.wav
308,calm,../Datasets/RAVDESS/Actor_06/03-01-02-02-01-01-06.wav
309,calm,../Datasets/RAVDESS/Actor_06/03-01-02-02-01-02-06.wav
310,calm,../Datasets/RAVDESS/Actor_06/03-01-02-02-02-01-06.wav
311,calm,../Datasets/RAVDESS/Actor_06/03-01-02-02-02-02-06.wav
312,happy,../Datasets/RAVDESS/Actor_06/03-01-03-01-01-01-06.wav
313,happy,../Datasets/RAVDESS/Actor_06/03-01-03-01-01-02-06.wav
314,happy,../Datasets/RAVDESS/Actor_06/03-01-03-01-02-01-06.wav
315,happy,../Datasets/RAVDESS/Actor_06/03-01-03-01-02-02-06.wav
316,happy,../Datasets/RAVDESS/Actor_06/03-01-03-02-01-01-06.wav
317,happy,../Datasets/RAVDESS/Actor_06/03-01-03-02-01-02-06.wav
318,happy,../Datasets/RAVDESS/Actor_06/03-01-03-02-02-01-06.wav
319,happy,../Datasets/RAVDESS/Actor_06/03-01-03-02-02-02-06.wav
320,sad,../Datasets/RAVDESS/Actor_06/03-01-04-01-01-01-06.wav
321,sad,../Datasets/RAVDESS/Actor_06/03-01-04-01-01-02-06.wav
322,sad,../Datasets/RAVDESS/Actor_06/03-01-04-01-02-01-06.wav
323,sad,../Datasets/RAVDESS/Actor_06/03-01-04-01-02-02-06.wav
324,sad,../Datasets/RAVDESS/Actor_06/03-01-04-02-01-01-06.wav
325,sad,../Datasets/RAVDESS/Actor_06/03-01-04-02-01-02-06.wav
326,sad,../Datasets/RAVDESS/Actor_06/03-01-04-02-02-01-06.wav
327,sad,../Datasets/RAVDESS/Actor_06/03-01-04-02-02-02-06.wav
328,angry,../Datasets/RAVDESS/Actor_06/03-01-05-01-01-01-06.wav
329,angry,../Datasets/RAVDESS/Actor_06/03-01-05-01-01-02-06.wav
330,angry,../Datasets/RAVDESS/Actor_06/03-01-05-01-02-01-06.wav
331,angry,../Datasets/RAVDESS/Actor_06/03-01-05-01-02-02-06.wav
332,angry,../Datasets/RAVDESS/Actor_06/03-01-05-02-01-01-06.wav
333,angry,../Datasets/RAVDESS/Actor_06/03-01-05-02-01-02-06.wav
334,angry,../Datasets/RAVDESS/Actor_06/03-01-05-02-02-01-06.wav
335,angry,../Datasets/RAVDESS/Actor_06/03-01-05-02-02-02-06.wav
336,fear,../Datasets/RAVDESS/Actor_06/03-01-06-01-01-01-06.wav
337,fear,../Datasets/RAVDESS/Actor_06/03-01-06-01-01-02-06.wav
338,fear,../Datasets/RAVDESS/Actor_06/03-01-06-01-02-01-06.wav
339,fear,../Datasets/RAVDESS/Actor_06/03-01-06-01-02-02-06.wav
340,fear,../Datasets/RAVDESS/Actor_06/03-01-06-02-01-01-06.wav
341,fear,../Datasets/RAVDESS/Actor_06/03-01-06-02-01-02-06.wav
342,fear,../Datasets/RAVDESS/Actor_06/03-01-06-02-02-01-06.wav
343,fear,../Datasets/RAVDESS/Actor_06/03-01-06-02-02-02-06.wav
344,disgust,../Datasets/RAVDESS/Actor_06/03-01-07-01-01-01-06.wav
345,disgust,../Datasets/RAVDESS/Actor_06/03-01-07-01-01-02-06.wav
346,disgust,../Datasets/RAVDESS/Actor_06/03-01-07-01-02-01-06.wav
347,disgust,../Datasets/RAVDESS/Actor_06/03-01-07-01-02-02-06.wav
348,disgust,../Datasets/RAVDESS/Actor_06/03-01-07-02-01-01-06.wav
349,disgust,../Datasets/RAVDESS/Actor_06/03-01-07-02-01-02-06.wav
350,disgust,../Datasets/RAVDESS/Actor_06/03-01-07-02-02-01-06.wav
351,disgust,../Datasets/RAVDESS/Actor_06/03-01-07-02-02-02-06.wav
352,surprise,../Datasets/RAVDESS/Actor_06/03-01-08-01-01-01-06.wav
353,surprise,../Datasets/RAVDESS/Actor_06/03-01-08-01-01-02-06.wav
354,surprise,../Datasets/RAVDESS/Actor_06/03-01-08-01-02-01-06.wav
355,surprise,../Datasets/RAVDESS/Actor_06/03-01-08-01-02-02-06.wav
356,surprise,../Datasets/RAVDESS/Actor_06/03-01-08-02-01-01-06.wav
357,surprise,../Datasets/RAVDESS/Actor_06/03-01-08-02-01-02-06.wav
358,surprise,../Datasets/RAVDESS/Actor_06/03-01-08-02-02-01-06.wav
359,surprise,../Datasets/RAVDESS/Actor_06/03-01-08-02-02-02-06.wav
360,neutral,../Datasets/RAVDESS/Actor_07/03-01-01-01-01-01-07.wav
361,neutral,../Datasets/RAVDESS/Actor_07/03-01-01-01-01-02-07.wav
362,neutral,../Datasets/RAVDESS/Actor_07/03-01-01-01-02-01-07.wav
363,neutral,../Datasets/RAVDESS/Actor_07/03-01-01-01-02-02-07.wav
364,calm,../Datasets/RAVDESS/Actor_07/03-01-02-01-01-01-07.wav
365,calm,../Datasets/RAVDESS/Actor_07/03-01-02-01-01-02-07.wav
366,calm,../Datasets/RAVDESS/Actor_07/03-01-02-01-02-01-07.wav
367,calm,../Datasets/RAVDESS/Actor_07/03-01-02-01-02-02-07.wav
368,calm,../Datasets/RAVDESS/Actor_07/03-01-02-02-01-01-07.wav
369,calm,../Datasets/RAVDESS/Actor_07/03-01-02-02-01-02-07.wav
370,calm,../Datasets/RAVDESS/Actor_07/03-01-02-02-02-01-07.wav
371,calm,../Datasets/RAVDESS/Actor_07/03-01-02-02-02-02-07.wav
372,happy,../Datasets/RAVDESS/Actor_07/03-01-03-01-01-01-07.wav
373,happy,../Datasets/RAVDESS/Actor_07/03-01-03-01-01-02-07.wav
374,happy,../Datasets/RAVDESS/Actor_07/03-01-03-01-02-01-07.wav
375,happy,../Datasets/RAVDESS/Actor_07/03-01-03-01-02-02-07.wav
376,happy,../Datasets/RAVDESS/Actor_07/03-01-03-02-01-01-07.wav
377,happy,../Datasets/RAVDESS/Actor_07/03-01-03-02-01-02-07.wav
378,happy,../Datasets/RAVDESS/Actor_07/03-01-03-02-02-01-07.wav
379,happy,../Datasets/RAVDESS/Actor_07/03-01-03-02-02-02-07.wav
380,sad,../Datasets/RAVDESS/Actor_07/03-01-04-01-01-01-07.wav
381,sad,../Datasets/RAVDESS/Actor_07/03-01-04-01-01-02-07.wav
382,sad,../Datasets/RAVDESS/Actor_07/03-01-04-01-02-01-07.wav
383,sad,../Datasets/RAVDESS/Actor_07/03-01-04-01-02-02-07.wav
384,sad,../Datasets/RAVDESS/Actor_07/03-01-04-02-01-01-07.wav
385,sad,../Datasets/RAVDESS/Actor_07/03-01-04-02-01-02-07.wav
386,sad,../Datasets/RAVDESS/Actor_07/03-01-04-02-02-01-07.wav
387,sad,../Datasets/RAVDESS/Actor_07/03-01-04-02-02-02-07.wav
388,angry,../Datasets/RAVDESS/Actor_07/03-01-05-01-01-01-07.wav
389,angry,../Datasets/RAVDESS/Actor_07/03-01-05-01-01-02-07.wav
390,angry,../Datasets/RAVDESS/Actor_07/03-01-05-01-02-01-07.wav
391,angry,../Datasets/RAVDESS/Actor_07/03-01-05-01-02-02-07.wav
392,angry,../Datasets/RAVDESS/Actor_07/03-01-05-02-01-01-07.wav
393,angry,../Datasets/RAVDESS/Actor_07/03-01-05-02-01-02-07.wav
394,angry,../Datasets/RAVDESS/Actor_07/03-01-05-02-02-01-07.wav
395,angry,../Datasets/RAVDESS/Actor_07/03-01-05-02-02-02-07.wav
396,fear,../Datasets/RAVDESS/Actor_07/03-01-06-01-01-01-07.wav
397,fear,../Datasets/RAVDESS/Actor_07/03-01-06-01-01-02-07.wav
398,fear,../Datasets/RAVDESS/Actor_07/03-01-06-01-02-01-07.wav
399,fear,../Datasets/RAVDESS/Actor_07/03-01-06-01-02-02-07.wav
400,fear,../Datasets/RAVDESS/Actor_07/03-01-06-02-01-01-07.wav
401,fear,../Datasets/RAVDESS/Actor_07/03-01-06-02-01-02-07.wav
402,fear,../Datasets/RAVDESS/Actor_07/03-01-06-02-02-01-07.wav
403,fear,../Datasets/RAVDESS/Actor_07/03-01-06-02-02-02-07.wav
404,disgust,../Datasets/RAVDESS/Actor_07/03-01-07-01-01-01-07.wav
405,disgust,../Datasets/RAVDESS/Actor_07/03-01-07-01-01-02-07.wav
406,disgust,../Datasets/RAVDESS/Actor_07/03-01-07-01-02-01-07.wav
407,disgust,../Datasets/RAVDESS/Actor_07/03-01-07-01-02-02-07.wav
408,disgust,../Datasets/RAVDESS/Actor_07/03-01-07-02-01-01-07.wav
409,disgust,../Datasets/RAVDESS/Actor_07/03-01-07-02-01-02-07.wav
410,disgust,../Datasets/RAVDESS/Actor_07/03-01-07-02-02-01-07.wav
411,disgust,../Datasets/RAVDESS/Actor_07/03-01-07-02-02-02-07.wav
412,surprise,../Datasets/RAVDESS/Actor_07/03-01-08-01-01-01-07.wav
413,surprise,../Datasets/RAVDESS/Actor_07/03-01-08-01-01-02-07.wav
414,surprise,../Datasets/RAVDESS/Actor_07/03-01-08-01-02-01-07.wav
415,surprise,../Datasets/RAVDESS/Actor_07/03-01-08-01-02-02-07.wav
416,surprise,../Datasets/RAVDESS/Actor_07/03-01-08-02-01-01-07.wav
417,surprise,../Datasets/RAVDESS/Actor_07/03-01-08-02-01-02-07.wav
418,surprise,../Datasets/RAVDESS/Actor_07/03-01-08-02-02-01-07.wav
419,surprise,../Datasets/RAVDESS/Actor_07/03-01-08-02-02-02-07.wav
420,neutral,../Datasets/RAVDESS/Actor_08/03-01-01-01-01-01-08.wav
421,neutral,../Datasets/RAVDESS/Actor_08/03-01-01-01-01-02-08.wav
422,neutral,../Datasets/RAVDESS/Actor_08/03-01-01-01-02-01-08.wav
423,neutral,../Datasets/RAVDESS/Actor_08/03-01-01-01-02-02-08.wav
424,calm,../Datasets/RAVDESS/Actor_08/03-01-02-01-01-01-08.wav
425,calm,../Datasets/RAVDESS/Actor_08/03-01-02-01-01-02-08.wav
426,calm,../Datasets/RAVDESS/Actor_08/03-01-02-01-02-01-08.wav
427,calm,../Datasets/RAVDESS/Actor_08/03-01-02-01-02-02-08.wav
428,calm,../Datasets/RAVDESS/Actor_08/03-01-02-02-01-01-08.wav
429,calm,../Datasets/RAVDESS/Actor_08/03-01-02-02-01-02-08.wav
430,calm,../Datasets/RAVDESS/Actor_08/03-01-02-02-02-01-08.wav
431,calm,../Datasets/RAVDESS/Actor_08/03-01-02-02-02-02-08.wav
432,happy,../Datasets/RAVDESS/Actor_08/03-01-03-01-01-01-08.wav
433,happy,../Datasets/RAVDESS/Actor_08/03-01-03-01-01-02-08.wav
434,happy,../Datasets/RAVDESS/Actor_08/03-01-03-01-02-01-08.wav
435,happy,../Datasets/RAVDESS/Actor_08/03-01-03-01-02-02-08.wav
436,happy,../Datasets/RAVDESS/Actor_08/03-01-03-02-01-01-08.wav
437,happy,../Datasets/RAVDESS/Actor_08/03-01-03-02-01-02-08.wav
438,happy,../Datasets/RAVDESS/Actor_08/03-01-03-02-02-01-08.wav
439,happy,../Datasets/RAVDESS/Actor_08/03-01-03-02-02-02-08.wav
440,sad,../Datasets/RAVDESS/Actor_08/03-01-04-01-01-01-08.wav
441,sad,../Datasets/RAVDESS/Actor_08/03-01-04-01-01-02-08.wav
442,sad,../Datasets/RAVDESS/Actor_08/03-01-04-01-02-01-08.wav
443,sad,../Datasets/RAVDESS/Actor_08/03-01-04-01-02-02-08.wav
444,sad,../Datasets/RAVDESS/Actor_08/03-01-04-02-01-01-08.wav
445,sad,../Datasets/RAVDESS/Actor_08/03-01-04-02-01-02-08.wav
446,sad,../Datasets/RAVDESS/Actor_08/03-01-04-02-02-01-08.wav
447,sad,../Datasets/RAVDESS/Actor_08/03-01-04-02-02-02-08.wav
448,angry,../Datasets/RAVDESS/Actor_08/03-01-05-01-01-01-08.wav
449,angry,../Datasets/RAVDESS/Actor_08/03-01-05-01-01-02-08.wav
450,angry,../Datasets/RAVDESS/Actor_08/03-01-05-01-02-01-08.wav
451,angry,../Datasets/RAVDESS/Actor_08/03-01-05-01-02-02-08.wav
452,angry,../Datasets/RAVDESS/Actor_08/03-01-05-02-01-01-08.wav
453,angry,../Datasets/RAVDESS/Actor_08/03-01-05-02-01-02-08.wav
454,angry,../Datasets/RAVDESS/Actor_08/03-01-05-02-02-01-08.wav
455,angry,../Datasets/RAVDESS/Actor_08/03-01-05-02-02-02-08.wav
456,fear,../Datasets/RAVDESS/Actor_08/03-01-06-01-01-01-08.wav
457,fear,../Datasets/RAVDESS/Actor_08/03-01-06-01-01-02-08.wav
458,fear,../Datasets/RAVDESS/Actor_08/03-01-06-01-02-01-08.wav
459,fear,../Datasets/RAVDESS/Actor_08/03-01-06-01-02-02-08.wav
460,fear,../Datasets/RAVDESS/Actor_08/03-01-06-02-01-01-08.wav
461,fear,../Datasets/RAVDESS/Actor_08/03-01-06-02-01-02-08.wav
462,fear,../Datasets/RAVDESS/Actor_08/03-01-06-02-02-01-08.wav
463,fear,../Datasets/RAVDESS/Actor_08/03-01-06-02-02-02-08.wav
464,disgust,../Datasets/RAVDESS/Actor_08/03-01-07-01-01-01-08.wav
465,disgust,../Datasets/RAVDESS/Actor_08/03-01-07-01-01-02-08.wav
466,disgust,../Datasets/RAVDESS/Actor_08/03-01-07-01-02-01-08.wav
467,disgust,../Datasets/RAVDESS/Actor_08/03-01-07-01-02-02-08.wav
468,disgust,../Datasets/RAVDESS/Actor_08/03-01-07-02-01-01-08.wav
469,disgust,../Datasets/RAVDESS/Actor_08/03-01-07-02-01-02-08.wav
470,disgust,../Datasets/RAVDESS/Actor_08/03-01-07-02-02-01-08.wav
471,disgust,../Datasets/RAVDESS/Actor_08/03-01-07-02-02-02-08.wav
472,surprise,../Datasets/RAVDESS/Actor_08/03-01-08-01-01-01-08.wav
473,surprise,../Datasets/RAVDESS/Actor_08/03-01-08-01-01-02-08.wav
474,surprise,../Datasets/RAVDESS/Actor_08/03-01-08-01-02-01-08.wav
475,surprise,../Datasets/RAVDESS/Actor_08/03-01-08-01-02-02-08.wav
476,surprise,../Datasets/RAVDESS/Actor_08/03-01-08-02-01-01-08.wav
477,surprise,../Datasets/RAVDESS/Actor_08/03-01-08-02-01-02-08.wav
478,surprise,../Datasets/RAVDESS/Actor_08/03-01-08-02-02-01-08.wav
479,surprise,../Datasets/RAVDESS/Actor_08/03-01-08-02-02-02-08.wav
480,neutral,../Datasets/RAVDESS/Actor_09/03-01-01-01-01-01-09.wav
481,neutral,../Datasets/RAVDESS/Actor_09/03-01-01-01-01-02-09.wav
482,neutral,../Datasets/RAVDESS/Actor_09/03-01-01-01-02-01-09.wav
483,neutral,../Datasets/RAVDESS/Actor_09/03-01-01-01-02-02-09.wav
484,calm,../Datasets/RAVDESS/Actor_09/03-01-02-01-01-01-09.wav
485,calm,../Datasets/RAVDESS/Actor_09/03-01-02-01-01-02-09.wav
486,calm,../Datasets/RAVDESS/Actor_09/03-01-02-01-02-01-09.wav
487,calm,../Datasets/RAVDESS/Actor_09/03-01-02-01-02-02-09.wav
488,calm,../Datasets/RAVDESS/Actor_09/03-01-02-02-01-01-09.wav
489,calm,../Datasets/RAVDESS/Actor_09/03-01-02-02-01-02-09.wav
490,calm,../Datasets/RAVDESS/Actor_09/03-01-02-02-02-01-09.wav
491,calm,../Datasets/RAVDESS/Actor_09/03-01-02-02-02-02-09.wav
492,happy,../Datasets/RAVDESS/Actor_09/03-01-03-01-01-01-09.wav
493,happy,../Datasets/RAVDESS/Actor_09/03-01-03-01-01-02-09.wav
494,happy,../Datasets/RAVDESS/Actor_09/03-01-03-01-02-01-09.wav
495,happy,../Datasets/RAVDESS/Actor_09/03-01-03-01-02-02-09.wav
496,happy,../Datasets/RAVDESS/Actor_09/03-01-03-02-01-01-09.wav
497,happy,../Datasets/RAVDESS/Actor_09/03-01-03-02-01-02-09.wav
498,happy,../Datasets/RAVDESS/Actor_09/03-01-03-02-02-01-09.wav
499,happy,../Datasets/RAVDESS/Actor_09/03-01-03-02-02-02-09.wav
500,sad,../Datasets/RAVDESS/Actor_09/03-01-04-01-01-01-09.wav
501,sad,../Datasets/RAVDESS/Actor_09/03-01-04-01-01-02-09.wav
502,sad,../Datasets/RAVDESS/Actor_09/03-01-04-01-02-01-09.wav
503,sad,../Datasets/RAVDESS/Actor_09/03-01-04-01-02-02-09.wav
504,sad,../Datasets/RAVDESS/Actor_09/03-01-04-02-01-01-09.wav
505,sad,../Datasets/RAVDESS/Actor_09/03-01-04-02-01-02-09.wav
506,sad,../Datasets/RAVDESS/Actor_09/03-01-04-02-02-01-09.wav
507,sad,../Datasets/RAVDESS/Actor_09/03-01-04-02-02-02-09.wav
508,angry,../Datasets/RAVDESS/Actor_09/03-01-05-01-01-01-09.wav
509,angry,../Datasets/RAVDESS/Actor_09/03-01-05-01-01-02-09.wav
510,angry,../Datasets/RAVDESS/Actor_09/03-01-05-01-02-01-09.wav
511,angry,../Datasets/RAVDESS/Actor_09/03-01-05-01-02-02-09.wav
512,angry,../Datasets/RAVDESS/Actor_09/03-01-05-02-01-01-09.wav
513,angry,../Datasets/RAVDESS/Actor_09/03-01-05-02-01-02-09.wav
514,angry,../Datasets/RAVDESS/Actor_09/03-01-05-02-02-01-09.wav
515,angry,../Datasets/RAVDESS/Actor_09/03-01-05-02-02-02-09.wav
516,fear,../Datasets/RAVDESS/Actor_09/03-01-06-01-01-01-09.wav
517,fear,../Datasets/RAVDESS/Actor_09/03-01-06-01-01-02-09.wav
518,fear,../Datasets/RAVDESS/Actor_09/03-01-06-01-02-01-09.wav
519,fear,../Datasets/RAVDESS/Actor_09/03-01-06-01-02-02-09.wav
520,fear,../Datasets/RAVDESS/Actor_09/03-01-06-02-01-01-09.wav
521,fear,../Datasets/RAVDESS/Actor_09/03-01-06-02-01-02-09.wav
522,fear,../Datasets/RAVDESS/Actor_09/03-01-06-02-02-01-09.wav
523,fear,../Datasets/RAVDESS/Actor_09/03-01-06-02-02-02-09.wav
524,disgust,../Datasets/RAVDESS/Actor_09/03-01-07-01-01-01-09.wav
525,disgust,../Datasets/RAVDESS/Actor_09/03-01-07-01-01-02-09.wav
526,disgust,../Datasets/RAVDESS/Actor_09/03-01-07-01-02-01-09.wav
527,disgust,../Datasets/RAVDESS/Actor_09/03-01-07-01-02-02-09.wav
528,disgust,../Datasets/RAVDESS/Actor_09/03-01-07-02-01-01-09.wav
529,disgust,../Datasets/RAVDESS/Actor_09/03-01-07-02-01-02-09.wav
530,disgust,../Datasets/RAVDESS/Actor_09/03-01-07-02-02-01-09.wav
531,disgust,../Datasets/RAVDESS/Actor_09/03-01-07-02-02-02-09.wav
532,surprise,../Datasets/RAVDESS/Actor_09/03-01-08-01-01-01-09.wav
533,surprise,../Datasets/RAVDESS/Actor_09/03-01-08-01-01-02-09.wav
534,surprise,../Datasets/RAVDESS/Actor_09/03-01-08-01-02-01-09.wav
535,surprise,../Datasets/RAVDESS/Actor_09/03-01-08-01-02-02-09.wav
536,surprise,../Datasets/RAVDESS/Actor_09/03-01-08-02-01-01-09.wav
537,surprise,../Datasets/RAVDESS/Actor_09/03-01-08-02-01-02-09.wav
538,surprise,../Datasets/RAVDESS/Actor_09/03-01-08-02-02-01-09.wav
539,surprise,../Datasets/RAVDESS/Actor_09/03-01-08-02-02-02-09.wav
540,neutral,../Datasets/RAVDESS/Actor_10/03-01-01-01-01-01-10.wav
541,neutral,../Datasets/RAVDESS/Actor_10/03-01-01-01-01-02-10.wav
542,neutral,../Datasets/RAVDESS/Actor_10/03-01-01-01-02-01-10.wav
543,neutral,../Datasets/RAVDESS/Actor_10/03-01-01-01-02-02-10.wav
544,calm,../Datasets/RAVDESS/Actor_10/03-01-02-01-01-01-10.wav
545,calm,../Datasets/RAVDESS/Actor_10/03-01-02-01-01-02-10.wav
546,calm,../Datasets/RAVDESS/Actor_10/03-01-02-01-02-01-10.wav
547,calm,../Datasets/RAVDESS/Actor_10/03-01-02-01-02-02-10.wav
548,calm,../Datasets/RAVDESS/Actor_10/03-01-02-02-01-01-10.wav
549,calm,../Datasets/RAVDESS/Actor_10/03-01-02-02-01-02-10.wav
550,calm,../Datasets/RAVDESS/Actor_10/03-01-02-02-02-01-10.wav
551,calm,../Datasets/RAVDESS/Actor_10/03-01-02-02-02-02-10.wav
552,happy,../Datasets/RAVDESS/Actor_10/03-01-03-01-01-01-10.wav
553,happy,../Datasets/RAVDESS/Actor_10/03-01-03-01-01-02-10.wav
554,happy,../Datasets/RAVDESS/Actor_10/03-01-03-01-02-01-10.wav
555,happy,../Datasets/RAVDESS/Actor_10/03-01-03-01-02-02-10.wav
556,happy,../Datasets/RAVDESS/Actor_10/03-01-03-02-01-01-10.wav
557,happy,../Datasets/RAVDESS/Actor_10/03-01-03-02-01-02-10.wav
558,happy,../Datasets/RAVDESS/Actor_10/03-01-03-02-02-01-10.wav
559,happy,../Datasets/RAVDESS/Actor_10/03-01-03-02-02-02-10.wav
560,sad,../Datasets/RAVDESS/Actor_10/03-01-04-01-01-01-10.wav
561,sad,../Datasets/RAVDESS/Actor_10/03-01-04-01-01-02-10.wav
562,sad,../Datasets/RAVDESS/Actor_10/03-01-04-01-02-01-10.wav
563,sad,../Datasets/RAVDESS/Actor_10/03-01-04-01-02-02-10.wav
564,sad,../Datasets/RAVDESS/Actor_10/03-01-04-02-01-01-10.wav
565,sad,../Datasets/RAVDESS/Actor_10/03-01-04-02-01-02-10.wav
566,sad,../Datasets/RAVDESS/Actor_10/03-01-04-02-02-01-10.wav
567,sad,../Datasets/RAVDESS/Actor_10/03-01-04-02-02-02-10.wav
568,angry,../Datasets/RAVDESS/Actor_10/03-01-05-01-01-01-10.wav
569,angry,../Datasets/RAVDESS/Actor_10/03-01-05-01-01-02-10.wav
570,angry,../Datasets/RAVDESS/Actor_10/03-01-05-01-02-01-10.wav
571,angry,../Datasets/RAVDESS/Actor_10/03-01-05-01-02-02-10.wav
572,angry,../Datasets/RAVDESS/Actor_10/03-01-05-02-01-01-10.wav
573,angry,../Datasets/RAVDESS/Actor_10/03-01-05-02-01-02-10.wav
574,angry,../Datasets/RAVDESS/Actor_10/03-01-05-02-02-01-10.wav
575,angry,../Datasets/RAVDESS/Actor_10/03-01-05-02-02-02-10.wav
576,fear,../Datasets/RAVDESS/Actor_10/03-01-06-01-01-01-10.wav
577,fear,../Datasets/RAVDESS/Actor_10/03-01-06-01-01-02-10.wav
578,fear,../Datasets/RAVDESS/Actor_10/03-01-06-01-02-01-10.wav
579,fear,../Datasets/RAVDESS/Actor_10/03-01-06-01-02-02-10.wav
580,fear,../Datasets/RAVDESS/Actor_10/03-01-06-02-01-01-10.wav
581,fear,../Datasets/RAVDESS/Actor_10/03-01-06-02-01-02-10.wav
582,fear,../Datasets/RAVDESS/Actor_10/03-01-06-02-02-01-10.wav
583,fear,../Datasets/RAVDESS/Actor_10/03-01-06-02-02-02-10.wav
584,disgust,../Datasets/RAVDESS/Actor_10/03-01-07-01-01-01-10.wav
585,disgust,../Datasets/RAVDESS/Actor_10/03-01-07-01-01-02-10.wav
586,disgust,../Datasets/RAVDESS/Actor_10/03-01-07-01-02-01-10.wav
587,disgust,../Datasets/RAVDESS/Actor_10/03-01-07-01-02-02-10.wav
588,disgust,../Datasets/RAVDESS/Actor_10/03-01-07-02-01-01-10.wav
589,disgust,../Datasets/RAVDESS/Actor_10/03-01-07-02-01-02-10.wav
590,disgust,../Datasets/RAVDESS/Actor_10/03-01-07-02-02-01-10.wav
591,disgust,../Datasets/RAVDESS/Actor_10/03-01-07-02-02-02-10.wav
592,surprise,../Datasets/RAVDESS/Actor_10/03-01-08-01-01-01-10.wav
593,surprise,../Datasets/RAVDESS/Actor_10/03-01-08-01-01-02-10.wav
594,surprise,../Datasets/RAVDESS/Actor_10/03-01-08-01-02-01-10.wav
595,surprise,../Datasets/RAVDESS/Actor_10/03-01-08-01-02-02-10.wav
596,surprise,../Datasets/RAVDESS/Actor_10/03-01-08-02-01-01-10.wav
597,surprise,../Datasets/RAVDESS/Actor_10/03-01-08-02-01-02-10.wav
598,surprise,../Datasets/RAVDESS/Actor_10/03-01-08-02-02-01-10.wav
599,surprise,../Datasets/RAVDESS/Actor_10/03-01-08-02-02-02-10.wav
600,neutral,../Datasets/RAVDESS/Actor_11/03-01-01-01-01-01-11.wav
601,neutral,../Datasets/RAVDESS/Actor_11/03-01-01-01-01-02-11.wav
602,neutral,../Datasets/RAVDESS/Actor_11/03-01-01-01-02-01-11.wav
603,neutral,../Datasets/RAVDESS/Actor_11/03-01-01-01-02-02-11.wav
604,calm,../Datasets/RAVDESS/Actor_11/03-01-02-01-01-01-11.wav
605,calm,../Datasets/RAVDESS/Actor_11/03-01-02-01-01-02-11.wav
606,calm,../Datasets/RAVDESS/Actor_11/03-01-02-01-02-01-11.wav
607,calm,../Datasets/RAVDESS/Actor_11/03-01-02-01-02-02-11.wav
608,calm,../Datasets/RAVDESS/Actor_11/03-01-02-02-01-01-11.wav
609,calm,../Datasets/RAVDESS/Actor_11/03-01-02-02-01-02-11.wav
610,calm,../Datasets/RAVDESS/Actor_11/03-01-02-02-02-01-11.wav
611,calm,../Datasets/RAVDESS/Actor_11/03-01-02-02-02-02-11.wav
612,happy,../Datasets/RAVDESS/Actor_11/03-01-03-01-01-01-11.wav
613,happy,../Datasets/RAVDESS/Actor_11/03-01-03-01-01-02-11.wav
614,happy,../Datasets/RAVDESS/Actor_11/03-01-03-01-02-01-11.wav
615,happy,../Datasets/RAVDESS/Actor_11/03-01-03-01-02-02-11.wav
616,happy,../Datasets/RAVDESS/Actor_11/03-01-03-02-01-01-11.wav
617,happy,../Datasets/RAVDESS/Actor_11/03-01-03-02-01-02-11.wav
618,happy,../Datasets/RAVDESS/Actor_11/03-01-03-02-02-01-11.wav
619,happy,../Datasets/RAVDESS/Actor_11/03-01-03-02-02-02-11.wav
620,sad,../Datasets/RAVDESS/Actor_11/03-01-04-01-01-01-11.wav
621,sad,../Datasets/RAVDESS/Actor_11/03-01-04-01-01-02-11.wav
622,sad,../Datasets/RAVDESS/Actor_11/03-01-04-01-02-01-11.wav
623,sad,../Datasets/RAVDESS/Actor_11/03-01-04-01-02-02-11.wav
624,sad,../Datasets/RAVDESS/Actor_11/03-01-04-02-01-01-11.wav
625,sad,../Datasets/RAVDESS/Actor_11/03-01-04-02-01-02-11.wav
626,sad,../Datasets/RAVDESS/Actor_11/03-01-04-02-02-01-11.wav
627,sad,../Datasets/RAVDESS/Actor_11/03-01-04-02-02-02-11.wav
628,angry,../Datasets/RAVDESS/Actor_11/03-01-05-01-01-01-11.wav
629,angry,../Datasets/RAVDESS/Actor_11/03-01-05-01-01-02-11.wav
630,angry,../Datasets/RAVDESS/Actor_11/03-01-05-01-02-01-11.wav
631,angry,../Datasets/RAVDESS/Actor_11/03-01-05-01-02-02-11.wav
632,angry,../Datasets/RAVDESS/Actor_11/03-01-05-02-01-01-11.wav
633,angry,../Datasets/RAVDESS/Actor_11/03-01-05-02-01-02-11.wav
634,angry,../Datasets/RAVDESS/Actor_11/03-01-05-02-02-01-11.wav
635,angry,../Datasets/RAVDESS/Actor_11/03-01-05-02-02-02-11.wav
636,fear,../Datasets/RAVDESS/Actor_11/03-01-06-01-01-01-11.wav
637,fear,../Datasets/RAVDESS/Actor_11/03-01-06-01-01-02-11.wav
638,fear,../Datasets/RAVDESS/Actor_11/03-01-06-01-02-01-11.wav
639,fear,../Datasets/RAVDESS/Actor_11/03-01-06-01-02-02-11.wav
640,fear,../Datasets/RAVDESS/Actor_11/03-01-06-02-01-01-11.wav
641,fear,../Datasets/RAVDESS/Actor_11/03-01-06-02-01-02-11.wav
642,fear,../Datasets/RAVDESS/Actor_11/03-01-06-02-02-01-11.wav
643,fear,../Datasets/RAVDESS/Actor_11/03-01-06-02-02-02-11.wav
644,disgust,../Datasets/RAVDESS/Actor_11/03-01-07-01-01-01-11.wav
645,disgust,../Datasets/RAVDESS/Actor_11/03-01-07-01-01-02-11.wav
646,disgust,../Datasets/RAVDESS/Actor_11/03-01-07-01-02-01-11.wav
647,disgust,../Datasets/RAVDESS/Actor_11/03-01-07-01-02-02-11.wav
648,disgust,../Datasets/RAVDESS/Actor_11/03-01-07-02-01-01-11.wav
649,disgust,../Datasets/RAVDESS/Actor_11/03-01-07-02-01-02-11.wav
650,disgust,../Datasets/RAVDESS/Actor_11/03-01-07-02-02-01-11.wav
651,disgust,../Datasets/RAVDESS/Actor_11/03-01-07-02-02-02-11.wav
652,surprise,../Datasets/RAVDESS/Actor_11/03-01-08-01-01-01-11.wav
653,surprise,../Datasets/RAVDESS/Actor_11/03-01-08-01-01-02-11.wav
654,surprise,../Datasets/RAVDESS/Actor_11/03-01-08-01-02-01-11.wav
655,surprise,../Datasets/RAVDESS/Actor_11/03-01-08-01-02-02-11.wav
656,surprise,../Datasets/RAVDESS/Actor_11/03-01-08-02-01-01-11.wav
657,surprise,../Datasets/RAVDESS/Actor_11/03-01-08-02-01-02-11.wav
658,surprise,../Datasets/RAVDESS/Actor_11/03-01-08-02-02-01-11.wav
659,surprise,../Datasets/RAVDESS/Actor_11/03-01-08-02-02-02-11.wav
660,neutral,../Datasets/RAVDESS/Actor_12/03-01-01-01-01-01-12.wav
661,neutral,../Datasets/RAVDESS/Actor_12/03-01-01-01-01-02-12.wav
662,neutral,../Datasets/RAVDESS/Actor_12/03-01-01-01-02-01-12.wav
663,neutral,../Datasets/RAVDESS/Actor_12/03-01-01-01-02-02-12.wav
664,calm,../Datasets/RAVDESS/Actor_12/03-01-02-01-01-01-12.wav
665,calm,../Datasets/RAVDESS/Actor_12/03-01-02-01-01-02-12.wav
666,calm,../Datasets/RAVDESS/Actor_12/03-01-02-01-02-01-12.wav
667,calm,../Datasets/RAVDESS/Actor_12/03-01-02-01-02-02-12.wav
668,calm,../Datasets/RAVDESS/Actor_12/03-01-02-02-01-01-12.wav
669,calm,../Datasets/RAVDESS/Actor_12/03-01-02-02-01-02-12.wav
670,calm,../Datasets/RAVDESS/Actor_12/03-01-02-02-02-01-12.wav
671,calm,../Datasets/RAVDESS/Actor_12/03-01-02-02-02-02-12.wav
672,happy,../Datasets/RAVDESS/Actor_12/03-01-03-01-01-01-12.wav
673,happy,../Datasets/RAVDESS/Actor_12/03-01-03-01-01-02-12.wav
674,happy,../Datasets/RAVDESS/Actor_12/03-01-03-01-02-01-12.wav
675,happy,../Datasets/RAVDESS/Actor_12/03-01-03-01-02-02-12.wav
676,happy,../Datasets/RAVDESS/Actor_12/03-01-03-02-01-01-12.wav
677,happy,../Datasets/RAVDESS/Actor_12/03-01-03-02-01-02-12.wav
678,happy,../Datasets/RAVDESS/Actor_12/03-01-03-02-02-01-12.wav
679,happy,../Datasets/RAVDESS/Actor_12/03-01-03-02-02-02-12.wav
680,sad,../Datasets/RAVDESS/Actor_12/03-01-04-01-01-01-12.wav
681,sad,../Datasets/RAVDESS/Actor_12/03-01-04-01-01-02-12.wav
682,sad,../Datasets/RAVDESS/Actor_12/03-01-04-01-02-01-12.wav
683,sad,../Datasets/RAVDESS/Actor_12/03-01-04-01-02-02-12.wav
684,sad,../Datasets/RAVDESS/Actor_12/03-01-04-02-01-01-12.wav
685,sad,../Datasets/RAVDESS/Actor_12/03-01-04-02-01-02-12.wav
686,sad,../Datasets/RAVDESS/Actor_12/03-01-04-02-02-01-12.wav
687,sad,../Datasets/RAVDESS/Actor_12/03-01-04-02-02-02-12.wav
688,angry,../Datasets/RAVDESS/Actor_12/03-01-05-01-01-01-12.wav
689,angry,../Datasets/RAVDESS/Actor_12/03-01-05-01-01-02-12.wav
690,angry,../Datasets/RAVDESS/Actor_12/03-01-05-01-02-01-12.wav
691,angry,../Datasets/RAVDESS/Actor_12/03-01-05-01-02-02-12.wav
692,angry,../Datasets/RAVDESS/Actor_12/03-01-05-02-01-01-12.wav
693,angry,../Datasets/RAVDESS/Actor_12/03-01-05-02-01-02-12.wav
694,angry,../Datasets/RAVDESS/Actor_12/03-01-05-02-02-01-12.wav
695,angry,../Datasets/RAVDESS/Actor_12/03-01-05-02-02-02-12.wav
696,fear,../Datasets/RAVDESS/Actor_12/03-01-06-01-01-01-12.wav
697,fear,../Datasets/RAVDESS/Actor_12/03-01-06-01-01-02-12.wav
698,fear,../Datasets/RAVDESS/Actor_12/03-01-06-01-02-01-12.wav
699,fear,../Datasets/RAVDESS/Actor_12/03-01-06-01-02-02-12.wav
700,fear,../Datasets/RAVDESS/Actor_12/03-01-06-02-01-01-12.wav
701,fear,../Datasets/RAVDESS/Actor_12/03-01-06-02-01-02-12.wav
702,fear,../Datasets/RAVDESS/Actor_12/03-01-06-02-02-01-12.wav
703,fear,../Datasets/RAVDESS/Actor_12/03-01-06-02-02-02-12.wav
704,disgust,../Datasets/RAVDESS/Actor_12/03-01-07-01-01-01-12.wav
705,disgust,../Datasets/RAVDESS/Actor_12/03-01-07-01-01-02-12.wav
706,disgust,../Datasets/RAVDESS/Actor_12/03-01-07-01-02-01-12.wav
707,disgust,../Datasets/RAVDESS/Actor_12/03-01-07-01-02-02-12.wav
708,disgust,../Datasets/RAVDESS/Actor_12/03-01-07-02-01-01-12.wav
709,disgust,../Datasets/RAVDESS/Actor_12/03-01-07-02-01-02-12.wav
710,disgust,../Datasets/RAVDESS/Actor_12/03-01-07-02-02-01-12.wav
711,disgust,../Datasets/RAVDESS/Actor_12/03-01-07-02-02-02-12.wav
712,surprise,../Datasets/RAVDESS/Actor_12/03-01-08-01-01-01-12.wav
713,surprise,../Datasets/RAVDESS/Actor_12/03-01-08-01-01-02-12.wav
714,surprise,../Datasets/RAVDESS/Actor_12/03-01-08-01-02-01-12.wav
715,surprise,../Datasets/RAVDESS/Actor_12/03-01-08-01-02-02-12.wav
716,surprise,../Datasets/RAVDESS/Actor_12/03-01-08-02-01-01-12.wav
717,surprise,../Datasets/RAVDESS/Actor_12/03-01-08-02-01-02-12.wav
718,surprise,../Datasets/RAVDESS/Actor_12/03-01-08-02-02-01-12.wav
719,surprise,../Datasets/RAVDESS/Actor_12/03-01-08-02-02-02-12.wav
720,neutral,../Datasets/RAVDESS/Actor_13/03-01-01-01-01-01-13.wav
721,neutral,../Datasets/RAVDESS/Actor_13/03-01-01-01-01-02-13.wav
722,neutral,../Datasets/RAVDESS/Actor_13/03-01-01-01-02-01-13.wav
723,neutral,../Datasets/RAVDESS/Actor_13/03-01-01-01-02-02-13.wav
724,calm,../Datasets/RAVDESS/Actor_13/03-01-02-01-01-01-13.wav
725,calm,../Datasets/RAVDESS/Actor_13/03-01-02-01-01-02-13.wav
726,calm,../Datasets/RAVDESS/Actor_13/03-01-02-01-02-01-13.wav
727,calm,../Datasets/RAVDESS/Actor_13/03-01-02-01-02-02-13.wav
728,calm,../Datasets/RAVDESS/Actor_13/03-01-02-02-01-01-13.wav
729,calm,../Datasets/RAVDESS/Actor_13/03-01-02-02-01-02-13.wav
730,calm,../Datasets/RAVDESS/Actor_13/03-01-02-02-02-01-13.wav
731,calm,../Datasets/RAVDESS/Actor_13/03-01-02-02-02-02-13.wav
732,happy,../Datasets/RAVDESS/Actor_13/03-01-03-01-01-01-13.wav
733,happy,../Datasets/RAVDESS/Actor_13/03-01-03-01-01-02-13.wav
734,happy,../Datasets/RAVDESS/Actor_13/03-01-03-01-02-01-13.wav
735,happy,../Datasets/RAVDESS/Actor_13/03-01-03-01-02-02-13.wav
736,happy,../Datasets/RAVDESS/Actor_13/03-01-03-02-01-01-13.wav
737,happy,../Datasets/RAVDESS/Actor_13/03-01-03-02-01-02-13.wav
738,happy,../Datasets/RAVDESS/Actor_13/03-01-03-02-02-01-13.wav
739,happy,../Datasets/RAVDESS/Actor_13/03-01-03-02-02-02-13.wav
740,sad,../Datasets/RAVDESS/Actor_13/03-01-04-01-01-01-13.wav
741,sad,../Datasets/RAVDESS/Actor_13/03-01-04-01-01-02-13.wav
742,sad,../Datasets/RAVDESS/Actor_13/03-01-04-01-02-01-13.wav
743,sad,../Datasets/RAVDESS/Actor_13/03-01-04-01-02-02-13.wav
744,sad,../Datasets/RAVDESS/Actor_13/03-01-04-02-01-01-13.wav
745,sad,../Datasets/RAVDESS/Actor_13/03-01-04-02-01-02-13.wav
746,sad,../Datasets/RAVDESS/Actor_13/03-01-04-02-02-01-13.wav
747,sad,../Datasets/RAVDESS/Actor_13/03-01-04-02-02-02-13.wav
748,angry,../Datasets/RAVDESS/Actor_13/03-01-05-01-01-01-13.wav
749,angry,../Datasets/RAVDESS/Actor_13/03-01-05-01-01-02-13.wav
750,angry,../Datasets/RAVDESS/Actor_13/03-01-05-01-02-01-13.wav
751,angry,../Datasets/RAVDESS/Actor_13/03-01-05-01-02-02-13.wav
752,angry,../Datasets/RAVDESS/Actor_13/03-01-05-02-01-01-13.wav
753,angry,../Datasets/RAVDESS/Actor_13/03-01-05-02-01-02-13.wav
754,angry,../Datasets/RAVDESS/Actor_13/03-01-05-02-02-01-13.wav
755,angry,../Datasets/RAVDESS/Actor_13/03-01-05-02-02-02-13.wav
756,fear,../Datasets/RAVDESS/Actor_13/03-01-06-01-01-01-13.wav
757,fear,../Datasets/RAVDESS/Actor_13/03-01-06-01-01-02-13.wav
758,fear,../Datasets/RAVDESS/Actor_13/03-01-06-01-02-01-13.wav
759,fear,../Datasets/RAVDESS/Actor_13/03-01-06-01-02-02-13.wav
760,fear,../Datasets/RAVDESS/Actor_13/03-01-06-02-01-01-13.wav
761,fear,../Datasets/RAVDESS/Actor_13/03-01-06-02-01-02-13.wav
762,fear,../Datasets/RAVDESS/Actor_13/03-01-06-02-02-01-13.wav
763,fear,../Datasets/RAVDESS/Actor_13/03-01-06-02-02-02-13.wav
764,disgust,../Datasets/RAVDESS/Actor_13/03-01-07-01-01-01-13.wav
765,disgust,../Datasets/RAVDESS/Actor_13/03-01-07-01-01-02-13.wav
766,disgust,../Datasets/RAVDESS/Actor_13/03-01-07-01-02-01-13.wav
767,disgust,../Datasets/RAVDESS/Actor_13/03-01-07-01-02-02-13.wav
768,disgust,../Datasets/RAVDESS/Actor_13/03-01-07-02-01-01-13.wav
769,disgust,../Datasets/RAVDESS/Actor_13/03-01-07-02-01-02-13.wav
770,disgust,../Datasets/RAVDESS/Actor_13/03-01-07-02-02-01-13.wav
771,disgust,../Datasets/RAVDESS/Actor_13/03-01-07-02-02-02-13.wav
772,surprise,../Datasets/RAVDESS/Actor_13/03-01-08-01-01-01-13.wav
773,surprise,../Datasets/RAVDESS/Actor_13/03-01-08-01-01-02-13.wav
774,surprise,../Datasets/RAVDESS/Actor_13/03-01-08-01-02-01-13.wav
775,surprise,../Datasets/RAVDESS/Actor_13/03-01-08-01-02-02-13.wav
776,surprise,../Datasets/RAVDESS/Actor_13/03-01-08-02-01-01-13.wav
777,surprise,../Datasets/RAVDESS/Actor_13/03-01-08-02-01-02-13.wav
778,surprise,../Datasets/RAVDESS/Actor_13/03-01-08-02-02-01-13.wav
779,surprise,../Datasets/RAVDESS/Actor_13/03-01-08-02-02-02-13.wav
780,neutral,../Datasets/RAVDESS/Actor_14/03-01-01-01-01-01-14.wav
781,neutral,../Datasets/RAVDESS/Actor_14/03-01-01-01-01-02-14.wav
782,neutral,../Datasets/RAVDESS/Actor_14/03-01-01-01-02-01-14.wav
783,neutral,../Datasets/RAVDESS/Actor_14/03-01-01-01-02-02-14.wav
784,calm,../Datasets/RAVDESS/Actor_14/03-01-02-01-01-01-14.wav
785,calm,../Datasets/RAVDESS/Actor_14/03-01-02-01-01-02-14.wav
786,calm,../Datasets/RAVDESS/Actor_14/03-01-02-01-02-01-14.wav
787,calm,../Datasets/RAVDESS/Actor_14/03-01-02-01-02-02-14.wav
788,calm,../Datasets/RAVDESS/Actor_14/03-01-02-02-01-01-14.wav
789,calm,../Datasets/RAVDESS/Actor_14/03-01-02-02-01-02-14.wav
790,calm,../Datasets/RAVDESS/Actor_14/03-01-02-02-02-01-14.wav
791,calm,../Datasets/RAVDESS/Actor_14/03-01-02-02-02-02-14.wav
792,happy,../Datasets/RAVDESS/Actor_14/03-01-03-01-01-01-14.wav
793,happy,../Datasets/RAVDESS/Actor_14/03-01-03-01-01-02-14.wav
794,happy,../Datasets/RAVDESS/Actor_14/03-01-03-01-02-01-14.wav
795,happy,../Datasets/RAVDESS/Actor_14/03-01-03-01-02-02-14.wav
796,happy,../Datasets/RAVDESS/Actor_14/03-01-03-02-01-01-14.wav
797,happy,../Datasets/RAVDESS/Actor_14/03-01-03-02-01-02-14.wav
798,happy,../Datasets/RAVDESS/Actor_14/03-01-03-02-02-01-14.wav
799,happy,../Datasets/RAVDESS/Actor_14/03-01-03-02-02-02-14.wav
800,sad,../Datasets/RAVDESS/Actor_14/03-01-04-01-01-01-14.wav
801,sad,../Datasets/RAVDESS/Actor_14/03-01-04-01-01-02-14.wav
802,sad,../Datasets/RAVDESS/Actor_14/03-01-04-01-02-01-14.wav
803,sad,../Datasets/RAVDESS/Actor_14/03-01-04-01-02-02-14.wav
804,sad,../Datasets/RAVDESS/Actor_14/03-01-04-02-01-01-14.wav
805,sad,../Datasets/RAVDESS/Actor_14/03-01-04-02-01-02-14.wav
806,sad,../Datasets/RAVDESS/Actor_14/03-01-04-02-02-01-14.wav
807,sad,../Datasets/RAVDESS/Actor_14/03-01-04-02-02-02-14.wav
808,angry,../Datasets/RAVDESS/Actor_14/03-01-05-01-01-01-14.wav
809,angry,../Datasets/RAVDESS/Actor_14/03-01-05-01-01-02-14.wav
810,angry,../Datasets/RAVDESS/Actor_14/03-01-05-01-02-01-14.wav
811,angry,../Datasets/RAVDESS/Actor_14/03-01-05-01-02-02-14.wav
812,angry,../Datasets/RAVDESS/Actor_14/03-01-05-02-01-01-14.wav
813,angry,../Datasets/RAVDESS/Actor_14/03-01-05-02-01-02-14.wav
814,angry,../Datasets/RAVDESS/Actor_14/03-01-05-02-02-01-14.wav
815,angry,../Datasets/RAVDESS/Actor_14/03-01-05-02-02-02-14.wav
816,fear,../Datasets/RAVDESS/Actor_14/03-01-06-01-01-01-14.wav
817,fear,../Datasets/RAVDESS/Actor_14/03-01-06-01-01-02-14.wav
818,fear,../Datasets/RAVDESS/Actor_14/03-01-06-01-02-01-14.wav
819,fear,../Datasets/RAVDESS/Actor_14/03-01-06-01-02-02-14.wav
820,fear,../Datasets/RAVDESS/Actor_14/03-01-06-02-01-01-14.wav
821,fear,../Datasets/RAVDESS/Actor_14/03-01-06-02-01-02-14.wav
822,fear,../Datasets/RAVDESS/Actor_14/03-01-06-02-02-01-14.wav
823,fear,../Datasets/RAVDESS/Actor_14/03-01-06-02-02-02-14.wav
824,disgust,../Datasets/RAVDESS/Actor_14/03-01-07-01-01-01-14.wav
825,disgust,../Datasets/RAVDESS/Actor_14/03-01-07-01-01-02-14.wav
826,disgust,../Datasets/RAVDESS/Actor_14/03-01-07-01-02-01-14.wav
827,disgust,../Datasets/RAVDESS/Actor_14/03-01-07-01-02-02-14.wav
828,disgust,../Datasets/RAVDESS/Actor_14/03-01-07-02-01-01-14.wav
829,disgust,../Datasets/RAVDESS/Actor_14/03-01-07-02-01-02-14.wav
830,disgust,../Datasets/RAVDESS/Actor_14/03-01-07-02-02-01-14.wav
831,disgust,../Datasets/RAVDESS/Actor_14/03-01-07-02-02-02-14.wav
832,surprise,../Datasets/RAVDESS/Actor_14/03-01-08-01-01-01-14.wav
833,surprise,../Datasets/RAVDESS/Actor_14/03-01-08-01-01-02-14.wav
834,surprise,../Datasets/RAVDESS/Actor_14/03-01-08-01-02-01-14.wav
835,surprise,../Datasets/RAVDESS/Actor_14/03-01-08-01-02-02-14.wav
836,surprise,../Datasets/RAVDESS/Actor_14/03-01-08-02-01-01-14.wav
837,surprise,../Datasets/RAVDESS/Actor_14/03-01-08-02-01-02-14.wav
838,surprise,../Datasets/RAVDESS/Actor_14/03-01-08-02-02-01-14.wav
839,surprise,../Datasets/RAVDESS/Actor_14/03-01-08-02-02-02-14.wav
840,neutral,../Datasets/RAVDESS/Actor_15/03-01-01-01-01-01-15.wav
841,neutral,../Datasets/RAVDESS/Actor_15/03-01-01-01-01-02-15.wav
842,neutral,../Datasets/RAVDESS/Actor_15/03-01-01-01-02-01-15.wav
843,neutral,../Datasets/RAVDESS/Actor_15/03-01-01-01-02-02-15.wav
844,calm,../Datasets/RAVDESS/Actor_15/03-01-02-01-01-01-15.wav
845,calm,../Datasets/RAVDESS/Actor_15/03-01-02-01-01-02-15.wav
846,calm,../Datasets/RAVDESS/Actor_15/03-01-02-01-02-01-15.wav
847,calm,../Datasets/RAVDESS/Actor_15/03-01-02-01-02-02-15.wav
848,calm,../Datasets/RAVDESS/Actor_15/03-01-02-02-01-01-15.wav
849,calm,../Datasets/RAVDESS/Actor_15/03-01-02-02-01-02-15.wav
850,calm,../Datasets/RAVDESS/Actor_15/03-01-02-02-02-01-15.wav
851,calm,../Datasets/RAVDESS/Actor_15/03-01-02-02-02-02-15.wav
852,happy,../Datasets/RAVDESS/Actor_15/03-01-03-01-01-01-15.wav
853,happy,../Datasets/RAVDESS/Actor_15/03-01-03-01-01-02-15.wav
854,happy,../Datasets/RAVDESS/Actor_15/03-01-03-01-02-01-15.wav
855,happy,../Datasets/RAVDESS/Actor_15/03-01-03-01-02-02-15.wav
856,happy,../Datasets/RAVDESS/Actor_15/03-01-03-02-01-01-15.wav
857,happy,../Datasets/RAVDESS/Actor_15/03-01-03-02-01-02-15.wav
858,happy,../Datasets/RAVDESS/Actor_15/03-01-03-02-02-01-15.wav
859,happy,../Datasets/RAVDESS/Actor_15/03-01-03-02-02-02-15.wav
860,sad,../Datasets/RAVDESS/Actor_15/03-01-04-01-01-01-15.wav
861,sad,../Datasets/RAVDESS/Actor_15/03-01-04-01-01-02-15.wav
862,sad,../Datasets/RAVDESS/Actor_15/03-01-04-01-02-01-15.wav
863,sad,../Datasets/RAVDESS/Actor_15/03-01-04-01-02-02-15.wav
864,sad,../Datasets/RAVDESS/Actor_15/03-01-04-02-01-01-15.wav
865,sad,../Datasets/RAVDESS/Actor_15/03-01-04-02-01-02-15.wav
866,sad,../Datasets/RAVDESS/Actor_15/03-01-04-02-02-01-15.wav
867,sad,../Datasets/RAVDESS/Actor_15/03-01-04-02-02-02-15.wav
868,angry,../Datasets/RAVDESS/Actor_15/03-01-05-01-01-01-15.wav
869,angry,../Datasets/RAVDESS/Actor_15/03-01-05-01-01-02-15.wav
870,angry,../Datasets/RAVDESS/Actor_15/03-01-05-01-02-01-15.wav
871,angry,../Datasets/RAVDESS/Actor_15/03-01-05-01-02-02-15.wav
872,angry,../Datasets/RAVDESS/Actor_15/03-01-05-02-01-01-15.wav
873,angry,../Datasets/RAVDESS/Actor_15/03-01-05-02-01-02-15.wav
874,angry,../Datasets/RAVDESS/Actor_15/03-01-05-02-02-01-15.wav
875,angry,../Datasets/RAVDESS/Actor_15/03-01-05-02-02-02-15.wav
876,fear,../Datasets/RAVDESS/Actor_15/03-01-06-01-01-01-15.wav
877,fear,../Datasets/RAVDESS/Actor_15/03-01-06-01-01-02-15.wav
878,fear,../Datasets/RAVDESS/Actor_15/03-01-06-01-02-01-15.wav
879,fear,../Datasets/RAVDESS/Actor_15/03-01-06-01-02-02-15.wav
880,fear,../Datasets/RAVDESS/Actor_15/03-01-06-02-01-01-15.wav
881,fear,../Datasets/RAVDESS/Actor_15/03-01-06-02-01-02-15.wav
882,fear,../Datasets/RAVDESS/Actor_15/03-01-06-02-02-01-15.wav
883,fear,../Datasets/RAVDESS/Actor_15/03-01-06-02-02-02-15.wav
884,disgust,../Datasets/RAVDESS/Actor_15/03-01-07-01-01-01-15.wav
885,disgust,../Datasets/RAVDESS/Actor_15/03-01-07-01-01-02-15.wav
886,disgust,../Datasets/RAVDESS/Actor_15/03-01-07-01-02-01-15.wav
887,disgust,../Datasets/RAVDESS/Actor_15/03-01-07-01-02-02-15.wav
888,disgust,../Datasets/RAVDESS/Actor_15/03-01-07-02-01-01-15.wav
889,disgust,../Datasets/RAVDESS/Actor_15/03-01-07-02-01-02-15.wav
890,disgust,../Datasets/RAVDESS/Actor_15/03-01-07-02-02-01-15.wav
891,disgust,../Datasets/RAVDESS/Actor_15/03-01-07-02-02-02-15.wav
892,surprise,../Datasets/RAVDESS/Actor_15/03-01-08-01-01-01-15.wav
893,surprise,../Datasets/RAVDESS/Actor_15/03-01-08-01-01-02-15.wav
894,surprise,../Datasets/RAVDESS/Actor_15/03-01-08-01-02-01-15.wav
895,surprise,../Datasets/RAVDESS/Actor_15/03-01-08-01-02-02-15.wav
896,surprise,../Datasets/RAVDESS/Actor_15/03-01-08-02-01-01-15.wav
897,surprise,../Datasets/RAVDESS/Actor_15/03-01-08-02-01-02-15.wav
898,surprise,../Datasets/RAVDESS/Actor_15/03-01-08-02-02-01-15.wav
899,surprise,../Datasets/RAVDESS/Actor_15/03-01-08-02-02-02-15.wav
900,neutral,../Datasets/RAVDESS/Actor_16/03-01-01-01-01-01-16.wav
901,neutral,../Datasets/RAVDESS/Actor_16/03-01-01-01-01-02-16.wav
902,neutral,../Datasets/RAVDESS/Actor_16/03-01-01-01-02-01-16.wav
903,neutral,../Datasets/RAVDESS/Actor_16/03-01-01-01-02-02-16.wav
904,calm,../Datasets/RAVDESS/Actor_16/03-01-02-01-01-01-16.wav
905,calm,../Datasets/RAVDESS/Actor_16/03-01-02-01-01-02-16.wav
906,calm,../Datasets/RAVDESS/Actor_16/03-01-02-01-02-01-16.wav
907,calm,../Datasets/RAVDESS/Actor_16/03-01-02-01-02-02-16.wav
908,calm,../Datasets/RAVDESS/Actor_16/03-01-02-02-01-01-16.wav
909,calm,../Datasets/RAVDESS/Actor_16/03-01-02-02-01-02-16.wav
910,calm,../Datasets/RAVDESS/Actor_16/03-01-02-02-02-01-16.wav
911,calm,../Datasets/RAVDESS/Actor_16/03-01-02-02-02-02-16.wav
912,happy,../Datasets/RAVDESS/Actor_16/03-01-03-01-01-01-16.wav
913,happy,../Datasets/RAVDESS/Actor_16/03-01-03-01-01-02-16.wav
914,happy,../Datasets/RAVDESS/Actor_16/03-01-03-01-02-01-16.wav
915,happy,../Datasets/RAVDESS/Actor_16/03-01-03-01-02-02-16.wav
916,happy,../Datasets/RAVDESS/Actor_16/03-01-03-02-01-01-16.wav
917,happy,../Datasets/RAVDESS/Actor_16/03-01-03-02-01-02-16.wav
918,happy,../Datasets/RAVDESS/Actor_16/03-01-03-02-02-01-16.wav
919,happy,../Datasets/RAVDESS/Actor_16/03-01-03-02-02-02-16.wav
920,sad,../Datasets/RAVDESS/Actor_16/03-01-04-01-01-01-16.wav
921,sad,../Datasets/RAVDESS/Actor_16/03-01-04-01-01-02-16.wav
922,sad,../Datasets/RAVDESS/Actor_16/03-01-04-01-02-01-16.wav
923,sad,../Datasets/RAVDESS/Actor_16/03-01-04-01-02-02-16.wav
924,sad,../Datasets/RAVDESS/Actor_16/03-01-04-02-01-01-16.wav
925,sad,../Datasets/RAVDESS/Actor_16/03-01-04-02-01-02-16.wav
926,sad,../Datasets/RAVDESS/Actor_16/03-01-04-02-02-01-16.wav
927,sad,../Datasets/RAVDESS/Actor_16/03-01-04-02-02-02-16.wav
928,angry,../Datasets/RAVDESS/Actor_16/03-01-05-01-01-01-16.wav
929,angry,../Datasets/RAVDESS/Actor_16/03-01-05-01-01-02-16.wav
930,angry,../Datasets/RAVDESS/Actor_16/03-01-05-01-02-01-16.wav
931,angry,../Datasets/RAVDESS/Actor_16/03-01-05-01-02-02-16.wav
932,angry,../Datasets/RAVDESS/Actor_16/03-01-05-02-01-01-16.wav
933,angry,../Datasets/RAVDESS/Actor_16/03-01-05-02-01-02-16.wav
934,angry,../Datasets/RAVDESS/Actor_16/03-01-05-02-02-01-16.wav
935,angry,../Datasets/RAVDESS/Actor_16/03-01-05-02-02-02-16.wav
936,fear,../Datasets/RAVDESS/Actor_16/03-01-06-01-01-01-16.wav
937,fear,../Datasets/RAVDESS/Actor_16/03-01-06-01-01-02-16.wav
938,fear,../Datasets/RAVDESS/Actor_16/03-01-06-01-02-01-16.wav
939,fear,../Datasets/RAVDESS/Actor_16/03-01-06-01-02-02-16.wav
940,fear,../Datasets/RAVDESS/Actor_16/03-01-06-02-01-01-16.wav
941,fear,../Datasets/RAVDESS/Actor_16/03-01-06-02-01-02-16.wav
942,fear,../Datasets/RAVDESS/Actor_16/03-01-06-02-02-01-16.wav
943,fear,../Datasets/RAVDESS/Actor_16/03-01-06-02-02-02-16.wav
944,disgust,../Datasets/RAVDESS/Actor_16/03-01-07-01-01-01-16.wav
945,disgust,../Datasets/RAVDESS/Actor_16/03-01-07-01-01-02-16.wav
946,disgust,../Datasets/RAVDESS/Actor_16/03-01-07-01-02-01-16.wav
947,disgust,../Datasets/RAVDESS/Actor_16/03-01-07-01-02-02-16.wav
948,disgust,../Datasets/RAVDESS/Actor_16/03-01-07-02-01-01-16.wav
949,disgust,../Datasets/RAVDESS/Actor_16/03-01-07-02-01-02-16.wav
950,disgust,../Datasets/RAVDESS/Actor_16/03-01-07-02-02-01-16.wav
951,disgust,../Datasets/RAVDESS/Actor_16/03-01-07-02-02-02-16.wav
952,surprise,../Datasets/RAVDESS/Actor_16/03-01-08-01-01-01-16.wav
953,surprise,../Datasets/RAVDESS/Actor_16/03-01-08-01-01-02-16.wav
954,surprise,../Datasets/RAVDESS/Actor_16/03-01-08-01-02-01-16.wav
955,surprise,../Datasets/RAVDESS/Actor_16/03-01-08-01-02-02-16.wav
956,surprise,../Datasets/RAVDESS/Actor_16/03-01-08-02-01-01-16.wav
957,surprise,../Datasets/RAVDESS/Actor_16/03-01-08-02-01-02-16.wav
958,surprise,../Datasets/RAVDESS/Actor_16/03-01-08-02-02-01-16.wav
959,surprise,../Datasets/RAVDESS/Actor_16/03-01-08-02-02-02-16.wav
960,neutral,../Datasets/RAVDESS/Actor_17/03-01-01-01-01-01-17.wav
961,neutral,../Datasets/RAVDESS/Actor_17/03-01-01-01-01-02-17.wav
962,neutral,../Datasets/RAVDESS/Actor_17/03-01-01-01-02-01-17.wav
963,neutral,../Datasets/RAVDESS/Actor_17/03-01-01-01-02-02-17.wav
964,calm,../Datasets/RAVDESS/Actor_17/03-01-02-01-01-01-17.wav
965,calm,../Datasets/RAVDESS/Actor_17/03-01-02-01-01-02-17.wav
966,calm,../Datasets/RAVDESS/Actor_17/03-01-02-01-02-01-17.wav
967,calm,../Datasets/RAVDESS/Actor_17/03-01-02-01-02-02-17.wav
968,calm,../Datasets/RAVDESS/Actor_17/03-01-02-02-01-01-17.wav
969,calm,../Datasets/RAVDESS/Actor_17/03-01-02-02-01-02-17.wav
970,calm,../Datasets/RAVDESS/Actor_17/03-01-02-02-02-01-17.wav
971,calm,../Datasets/RAVDESS/Actor_17/03-01-02-02-02-02-17.wav
972,happy,../Datasets/RAVDESS/Actor_17/03-01-03-01-01-01-17.wav
973,happy,../Datasets/RAVDESS/Actor_17/03-01-03-01-01-02-17.wav
974,happy,../Datasets/RAVDESS/Actor_17/03-01-03-01-02-01-17.wav
975,happy,../Datasets/RAVDESS/Actor_17/03-01-03-01-02-02-17.wav
976,happy,../Datasets/RAVDESS/Actor_17/03-01-03-02-01-01-17.wav
977,happy,../Datasets/RAVDESS/Actor_17/03-01-03-02-01-02-17.wav
978,happy,../Datasets/RAVDESS/Actor_17/03-01-03-02-02-01-17.wav
979,happy,../Datasets/RAVDESS/Actor_17/03-01-03-02-02-02-17.wav
980,sad,../Datasets/RAVDESS/Actor_17/03-01-04-01-01-01-17.wav
981,sad,../Datasets/RAVDESS/Actor_17/03-01-04-01-01-02-17.wav
982,sad,../Datasets/RAVDESS/Actor_17/03-01-04-01-02-01-17.wav
983,sad,../Datasets/RAVDESS/Actor_17/03-01-04-01-02-02-17.wav
984,sad,../Datasets/RAVDESS/Actor_17/03-01-04-02-01-01-17.wav
985,sad,../Datasets/RAVDESS/Actor_17/03-01-04-02-01-02-17.wav
986,sad,../Datasets/RAVDESS/Actor_17/03-01-04-02-02-01-17.wav
987,sad,../Datasets/RAVDESS/Actor_17/03-01-04-02-02-02-17.wav
988,angry,../Datasets/RAVDESS/Actor_17/03-01-05-01-01-01-17.wav
989,angry,../Datasets/RAVDESS/Actor_17/03-01-05-01-01-02-17.wav
990,angry,../Datasets/RAVDESS/Actor_17/03-01-05-01-02-01-17.wav
991,angry,../Datasets/RAVDESS/Actor_17/03-01-05-01-02-02-17.wav
992,angry,../Datasets/RAVDESS/Actor_17/03-01-05-02-01-01-17.wav
993,angry,../Datasets/RAVDESS/Actor_17/03-01-05-02-01-02-17.wav
994,angry,../Datasets/RAVDESS/Actor_17/03-01-05-02-02-01-17.wav
995,angry,../Datasets/RAVDESS/Actor_17/03-01-05-02-02-02-17.wav
996,fear,../Datasets/RAVDESS/Actor_17/03-01-06-01-01-01-17.wav
997,fear,../Datasets/RAVDESS/Actor_17/03-01-06-01-01-02-17.wav
998,fear,../Datasets/RAVDESS/Actor_17/03-01-06-01-02-01-17.wav
999,fear,../Datasets/RAVDESS/Actor_17/03-01-06-01-02-02-17.wav
1000,fear,../Datasets/RAVDESS/Actor_17/03-01-06-02-01-01-17.wav
1001,fear,../Datasets/RAVDESS/Actor_17/03-01-06-02-01-02-17.wav
1002,fear,../Datasets/RAVDESS/Actor_17/03-01-06-02-02-01-17.wav
1003,fear,../Datasets/RAVDESS/Actor_17/03-01-06-02-02-02-17.wav
1004,disgust,../Datasets/RAVDESS/Actor_17/03-01-07-01-01-01-17.wav
1005,disgust,../Datasets/RAVDESS/Actor_17/03-01-07-01-01-02-17.wav
1006,disgust,../Datasets/RAVDESS/Actor_17/03-01-07-01-02-01-17.wav
1007,disgust,../Datasets/RAVDESS/Actor_17/03-01-07-01-02-02-17.wav
1008,disgust,../Datasets/RAVDESS/Actor_17/03-01-07-02-01-01-17.wav
1009,disgust,../Datasets/RAVDESS/Actor_17/03-01-07-02-01-02-17.wav
1010,disgust,../Datasets/RAVDESS/Actor_17/03-01-07-02-02-01-17.wav
1011,disgust,../Datasets/RAVDESS/Actor_17/03-01-07-02-02-02-17.wav
1012,surprise,../Datasets/RAVDESS/Actor_17/03-01-08-01-01-01-17.wav
1013,surprise,../Datasets/RAVDESS/Actor_17/03-01-08-01-01-02-17.wav
1014,surprise,../Datasets/RAVDESS/Actor_17/03-01-08-01-02-01-17.wav
1015,surprise,../Datasets/RAVDESS/Actor_17/03-01-08-01-02-02-17.wav
1016,surprise,../Datasets/RAVDESS/Actor_17/03-01-08-02-01-01-17.wav
1017,surprise,../Datasets/RAVDESS/Actor_17/03-01-08-02-01-02-17.wav
1018,surprise,../Datasets/RAVDESS/Actor_17/03-01-08-02-02-01-17.wav
1019,surprise,../Datasets/RAVDESS/Actor_17/03-01-08-02-02-02-17.wav
1020,neutral,../Datasets/RAVDESS/Actor_18/03-01-01-01-01-01-18.wav
1021,neutral,../Datasets/RAVDESS/Actor_18/03-01-01-01-01-02-18.wav
1022,neutral,../Datasets/RAVDESS/Actor_18/03-01-01-01-02-01-18.wav
1023,neutral,../Datasets/RAVDESS/Actor_18/03-01-01-01-02-02-18.wav
1024,calm,../Datasets/RAVDESS/Actor_18/03-01-02-01-01-01-18.wav
1025,calm,../Datasets/RAVDESS/Actor_18/03-01-02-01-01-02-18.wav
1026,calm,../Datasets/RAVDESS/Actor_18/03-01-02-01-02-01-18.wav
1027,calm,../Datasets/RAVDESS/Actor_18/03-01-02-01-02-02-18.wav
1028,calm,../Datasets/RAVDESS/Actor_18/03-01-02-02-01-01-18.wav
1029,calm,../Datasets/RAVDESS/Actor_18/03-01-02-02-01-02-18.wav
1030,calm,../Datasets/RAVDESS/Actor_18/03-01-02-02-02-01-18.wav
1031,calm,../Datasets/RAVDESS/Actor_18/03-01-02-02-02-02-18.wav
1032,happy,../Datasets/RAVDESS/Actor_18/03-01-03-01-01-01-18.wav
1033,happy,../Datasets/RAVDESS/Actor_18/03-01-03-01-01-02-18.wav
1034,happy,../Datasets/RAVDESS/Actor_18/03-01-03-01-02-01-18.wav
1035,happy,../Datasets/RAVDESS/Actor_18/03-01-03-01-02-02-18.wav
1036,happy,../Datasets/RAVDESS/Actor_18/03-01-03-02-01-01-18.wav
1037,happy,../Datasets/RAVDESS/Actor_18/03-01-03-02-01-02-18.wav
1038,happy,../Datasets/RAVDESS/Actor_18/03-01-03-02-02-01-18.wav
1039,happy,../Datasets/RAVDESS/Actor_18/03-01-03-02-02-02-18.wav
1040,sad,../Datasets/RAVDESS/Actor_18/03-01-04-01-01-01-18.wav
1041,sad,../Datasets/RAVDESS/Actor_18/03-01-04-01-01-02-18.wav
1042,sad,../Datasets/RAVDESS/Actor_18/03-01-04-01-02-01-18.wav
1043,sad,../Datasets/RAVDESS/Actor_18/03-01-04-01-02-02-18.wav
1044,sad,../Datasets/RAVDESS/Actor_18/03-01-04-02-01-01-18.wav
1045,sad,../Datasets/RAVDESS/Actor_18/03-01-04-02-01-02-18.wav
1046,sad,../Datasets/RAVDESS/Actor_18/03-01-04-02-02-01-18.wav
1047,sad,../Datasets/RAVDESS/Actor_18/03-01-04-02-02-02-18.wav
1048,angry,../Datasets/RAVDESS/Actor_18/03-01-05-01-01-01-18.wav
1049,angry,../Datasets/RAVDESS/Actor_18/03-01-05-01-01-02-18.wav
1050,angry,../Datasets/RAVDESS/Actor_18/03-01-05-01-02-01-18.wav
1051,angry,../Datasets/RAVDESS/Actor_18/03-01-05-01-02-02-18.wav
1052,angry,../Datasets/RAVDESS/Actor_18/03-01-05-02-01-01-18.wav
1053,angry,../Datasets/RAVDESS/Actor_18/03-01-05-02-01-02-18.wav
1054,angry,../Datasets/RAVDESS/Actor_18/03-01-05-02-02-01-18.wav
1055,angry,../Datasets/RAVDESS/Actor_18/03-01-05-02-02-02-18.wav
1056,fear,../Datasets/RAVDESS/Actor_18/03-01-06-01-01-01-18.wav
1057,fear,../Datasets/RAVDESS/Actor_18/03-01-06-01-01-02-18.wav
1058,fear,../Datasets/RAVDESS/Actor_18/03-01-06-01-02-01-18.wav
1059,fear,../Datasets/RAVDESS/Actor_18/03-01-06-01-02-02-18.wav
1060,fear,../Datasets/RAVDESS/Actor_18/03-01-06-02-01-01-18.wav
1061,fear,../Datasets/RAVDESS/Actor_18/03-01-06-02-01-02-18.wav
1062,fear,../Datasets/RAVDESS/Actor_18/03-01-06-02-02-01-18.wav
1063,fear,../Datasets/RAVDESS/Actor_18/03-01-06-02-02-02-18.wav
1064,disgust,../Datasets/RAVDESS/Actor_18/03-01-07-01-01-01-18.wav
1065,disgust,../Datasets/RAVDESS/Actor_18/03-01-07-01-01-02-18.wav
1066,disgust,../Datasets/RAVDESS/Actor_18/03-01-07-01-02-01-18.wav
1067,disgust,../Datasets/RAVDESS/Actor_18/03-01-07-01-02-02-18.wav
1068,disgust,../Datasets/RAVDESS/Actor_18/03-01-07-02-01-01-18.wav
1069,disgust,../Datasets/RAVDESS/Actor_18/03-01-07-02-01-02-18.wav
1070,disgust,../Datasets/RAVDESS/Actor_18/03-01-07-02-02-01-18.wav
1071,disgust,../Datasets/RAVDESS/Actor_18/03-01-07-02-02-02-18.wav
1072,surprise,../Datasets/RAVDESS/Actor_18/03-01-08-01-01-01-18.wav
1073,surprise,../Datasets/RAVDESS/Actor_18/03-01-08-01-01-02-18.wav
1074,surprise,../Datasets/RAVDESS/Actor_18/03-01-08-01-02-01-18.wav
1075,surprise,../Datasets/RAVDESS/Actor_18/03-01-08-01-02-02-18.wav
1076,surprise,../Datasets/RAVDESS/Actor_18/03-01-08-02-01-01-18.wav
1077,surprise,../Datasets/RAVDESS/Actor_18/03-01-08-02-01-02-18.wav
1078,surprise,../Datasets/RAVDESS/Actor_18/03-01-08-02-02-01-18.wav
1079,surprise,../Datasets/RAVDESS/Actor_18/03-01-08-02-02-02-18.wav
1080,neutral,../Datasets/RAVDESS/Actor_19/03-01-01-01-01-01-19.wav
1081,neutral,../Datasets/RAVDESS/Actor_19/03-01-01-01-01-02-19.wav
1082,neutral,../Datasets/RAVDESS/Actor_19/03-01-01-01-02-01-19.wav
1083,neutral,../Datasets/RAVDESS/Actor_19/03-01-01-01-02-02-19.wav
1084,calm,../Datasets/RAVDESS/Actor_19/03-01-02-01-01-01-19.wav
1085,calm,../Datasets/RAVDESS/Actor_19/03-01-02-01-01-02-19.wav
1086,calm,../Datasets/RAVDESS/Actor_19/03-01-02-01-02-01-19.wav
1087,calm,../Datasets/RAVDESS/Actor_19/03-01-02-01-02-02-19.wav
1088,calm,../Datasets/RAVDESS/Actor_19/03-01-02-02-01-01-19.wav
1089,calm,../Datasets/RAVDESS/Actor_19/03-01-02-02-01-02-19.wav
1090,calm,../Datasets/RAVDESS/Actor_19/03-01-02-02-02-01-19.wav
1091,calm,../Datasets/RAVDESS/Actor_19/03-01-02-02-02-02-19.wav
1092,happy,../Datasets/RAVDESS/Actor_19/03-01-03-01-01-01-19.wav
1093,happy,../Datasets/RAVDESS/Actor_19/03-01-03-01-01-02-19.wav
1094,happy,../Datasets/RAVDESS/Actor_19/03-01-03-01-02-01-19.wav
1095,happy,../Datasets/RAVDESS/Actor_19/03-01-03-01-02-02-19.wav
1096,happy,../Datasets/RAVDESS/Actor_19/03-01-03-02-01-01-19.wav
1097,happy,../Datasets/RAVDESS/Actor_19/03-01-03-02-01-02-19.wav
1098,happy,../Datasets/RAVDESS/Actor_19/03-01-03-02-02-01-19.wav
1099,happy,../Datasets/RAVDESS/Actor_19/03-01-03-02-02-02-19.wav
1100,sad,../Datasets/RAVDESS/Actor_19/03-01-04-01-01-01-19.wav
1101,sad,../Datasets/RAVDESS/Actor_19/03-01-04-01-01-02-19.wav
1102,sad,../Datasets/RAVDESS/Actor_19/03-01-04-01-02-01-19.wav
1103,sad,../Datasets/RAVDESS/Actor_19/03-01-04-01-02-02-19.wav
1104,sad,../Datasets/RAVDESS/Actor_19/03-01-04-02-01-01-19.wav
1105,sad,../Datasets/RAVDESS/Actor_19/03-01-04-02-01-02-19.wav
1106,sad,../Datasets/RAVDESS/Actor_19/03-01-04-02-02-01-19.wav
1107,sad,../Datasets/RAVDESS/Actor_19/03-01-04-02-02-02-19.wav
1108,angry,../Datasets/RAVDESS/Actor_19/03-01-05-01-01-01-19.wav
1109,angry,../Datasets/RAVDESS/Actor_19/03-01-05-01-01-02-19.wav
1110,angry,../Datasets/RAVDESS/Actor_19/03-01-05-01-02-01-19.wav
1111,angry,../Datasets/RAVDESS/Actor_19/03-01-05-01-02-02-19.wav
1112,angry,../Datasets/RAVDESS/Actor_19/03-01-05-02-01-01-19.wav
1113,angry,../Datasets/RAVDESS/Actor_19/03-01-05-02-01-02-19.wav
1114,angry,../Datasets/RAVDESS/Actor_19/03-01-05-02-02-01-19.wav
1115,angry,../Datasets/RAVDESS/Actor_19/03-01-05-02-02-02-19.wav
1116,fear,../Datasets/RAVDESS/Actor_19/03-01-06-01-01-01-19.wav
1117,fear,../Datasets/RAVDESS/Actor_19/03-01-06-01-01-02-19.wav
1118,fear,../Datasets/RAVDESS/Actor_19/03-01-06-01-02-01-19.wav
1119,fear,../Datasets/RAVDESS/Actor_19/03-01-06-01-02-02-19.wav
1120,fear,../Datasets/RAVDESS/Actor_19/03-01-06-02-01-01-19.wav
1121,fear,../Datasets/RAVDESS/Actor_19/03-01-06-02-01-02-19.wav
1122,fear,../Datasets/RAVDESS/Actor_19/03-01-06-02-02-01-19.wav
1123,fear,../Datasets/RAVDESS/Actor_19/03-01-06-02-02-02-19.wav
1124,disgust,../Datasets/RAVDESS/Actor_19/03-01-07-01-01-01-19.wav
1125,disgust,../Datasets/RAVDESS/Actor_19/03-01-07-01-01-02-19.wav
1126,disgust,../Datasets/RAVDESS/Actor_19/03-01-07-01-02-01-19.wav
1127,disgust,../Datasets/RAVDESS/Actor_19/03-01-07-01-02-02-19.wav
1128,disgust,../Datasets/RAVDESS/Actor_19/03-01-07-02-01-01-19.wav
1129,disgust,../Datasets/RAVDESS/Actor_19/03-01-07-02-01-02-19.wav
1130,disgust,../Datasets/RAVDESS/Actor_19/03-01-07-02-02-01-19.wav
1131,disgust,../Datasets/RAVDESS/Actor_19/03-01-07-02-02-02-19.wav
1132,surprise,../Datasets/RAVDESS/Actor_19/03-01-08-01-01-01-19.wav
1133,surprise,../Datasets/RAVDESS/Actor_19/03-01-08-01-01-02-19.wav
1134,surprise,../Datasets/RAVDESS/Actor_19/03-01-08-01-02-01-19.wav
1135,surprise,../Datasets/RAVDESS/Actor_19/03-01-08-01-02-02-19.wav
1136,surprise,../Datasets/RAVDESS/Actor_19/03-01-08-02-01-01-19.wav
1137,surprise,../Datasets/RAVDESS/Actor_19/03-01-08-02-01-02-19.wav
1138,surprise,../Datasets/RAVDESS/Actor_19/03-01-08-02-02-01-19.wav
1139,surprise,../Datasets/RAVDESS/Actor_19/03-01-08-02-02-02-19.wav
1140,neutral,../Datasets/RAVDESS/Actor_20/03-01-01-01-01-01-20.wav
1141,neutral,../Datasets/RAVDESS/Actor_20/03-01-01-01-01-02-20.wav
1142,neutral,../Datasets/RAVDESS/Actor_20/03-01-01-01-02-01-20.wav
1143,neutral,../Datasets/RAVDESS/Actor_20/03-01-01-01-02-02-20.wav
1144,calm,../Datasets/RAVDESS/Actor_20/03-01-02-01-01-01-20.wav
1145,calm,../Datasets/RAVDESS/Actor_20/03-01-02-01-01-02-20.wav
1146,calm,../Datasets/RAVDESS/Actor_20/03-01-02-01-02-01-20.wav
1147,calm,../Datasets/RAVDESS/Actor_20/03-01-02-01-02-02-20.wav
1148,calm,../Datasets/RAVDESS/Actor_20/03-01-02-02-01-01-20.wav
1149,calm,../Datasets/RAVDESS/Actor_20/03-01-02-02-01-02-20.wav
1150,calm,../Datasets/RAVDESS/Actor_20/03-01-02-02-02-01-20.wav
1151,calm,../Datasets/RAVDESS/Actor_20/03-01-02-02-02-02-20.wav
1152,happy,../Datasets/RAVDESS/Actor_20/03-01-03-01-01-01-20.wav
1153,happy,../Datasets/RAVDESS/Actor_20/03-01-03-01-01-02-20.wav
1154,happy,../Datasets/RAVDESS/Actor_20/03-01-03-01-02-01-20.wav
1155,happy,../Datasets/RAVDESS/Actor_20/03-01-03-01-02-02-20.wav
1156,happy,../Datasets/RAVDESS/Actor_20/03-01-03-02-01-01-20.wav
1157,happy,../Datasets/RAVDESS/Actor_20/03-01-03-02-01-02-20.wav
1158,happy,../Datasets/RAVDESS/Actor_20/03-01-03-02-02-01-20.wav
1159,happy,../Datasets/RAVDESS/Actor_20/03-01-03-02-02-02-20.wav
1160,sad,../Datasets/RAVDESS/Actor_20/03-01-04-01-01-01-20.wav
1161,sad,../Datasets/RAVDESS/Actor_20/03-01-04-01-01-02-20.wav
1162,sad,../Datasets/RAVDESS/Actor_20/03-01-04-01-02-01-20.wav
1163,sad,../Datasets/RAVDESS/Actor_20/03-01-04-01-02-02-20.wav
1164,sad,../Datasets/RAVDESS/Actor_20/03-01-04-02-01-01-20.wav
1165,sad,../Datasets/RAVDESS/Actor_20/03-01-04-02-01-02-20.wav
1166,sad,../Datasets/RAVDESS/Actor_20/03-01-04-02-02-01-20.wav
1167,sad,../Datasets/RAVDESS/Actor_20/03-01-04-02-02-02-20.wav
1168,angry,../Datasets/RAVDESS/Actor_20/03-01-05-01-01-01-20.wav
1169,angry,../Datasets/RAVDESS/Actor_20/03-01-05-01-01-02-20.wav
1170,angry,../Datasets/RAVDESS/Actor_20/03-01-05-01-02-01-20.wav
1171,angry,../Datasets/RAVDESS/Actor_20/03-01-05-01-02-02-20.wav
1172,angry,../Datasets/RAVDESS/Actor_20/03-01-05-02-01-01-20.wav
1173,angry,../Datasets/RAVDESS/Actor_20/03-01-05-02-01-02-20.wav
1174,angry,../Datasets/RAVDESS/Actor_20/03-01-05-02-02-01-20.wav
1175,angry,../Datasets/RAVDESS/Actor_20/03-01-05-02-02-02-20.wav
1176,fear,../Datasets/RAVDESS/Actor_20/03-01-06-01-01-01-20.wav
1177,fear,../Datasets/RAVDESS/Actor_20/03-01-06-01-01-02-20.wav
1178,fear,../Datasets/RAVDESS/Actor_20/03-01-06-01-02-01-20.wav
1179,fear,../Datasets/RAVDESS/Actor_20/03-01-06-01-02-02-20.wav
1180,fear,../Datasets/RAVDESS/Actor_20/03-01-06-02-01-01-20.wav
1181,fear,../Datasets/RAVDESS/Actor_20/03-01-06-02-01-02-20.wav
1182,fear,../Datasets/RAVDESS/Actor_20/03-01-06-02-02-01-20.wav
1183,fear,../Datasets/RAVDESS/Actor_20/03-01-06-02-02-02-20.wav
1184,disgust,../Datasets/RAVDESS/Actor_20/03-01-07-01-01-01-20.wav
1185,disgust,../Datasets/RAVDESS/Actor_20/03-01-07-01-01-02-20.wav
1186,disgust,../Datasets/RAVDESS/Actor_20/03-01-07-01-02-01-20.wav
1187,disgust,../Datasets/RAVDESS/Actor_20/03-01-07-01-02-02-20.wav
1188,disgust,../Datasets/RAVDESS/Actor_20/03-01-07-02-01-01-20.wav
1189,disgust,../Datasets/RAVDESS/Actor_20/03-01-07-02-01-02-20.wav
1190,disgust,../Datasets/RAVDESS/Actor_20/03-01-07-02-02-01-20.wav
1191,disgust,../Datasets/RAVDESS/Actor_20/03-01-07-02-02-02-20.wav
1192,surprise,../Datasets/RAVDESS/Actor_20/03-01-08-01-01-01-20.wav
1193,surprise,../Datasets/RAVDESS/Actor_20/03-01-08-01-01-02-20.wav
1194,surprise,../Datasets/RAVDESS/Actor_20/03-01-08-01-02-01-20.wav
1195,surprise,../Datasets/RAVDESS/Actor_20/03-01-08-01-02-02-20.wav
1196,surprise,../Datasets/RAVDESS/Actor_20/03-01-08-02-01-01-20.wav
1197,surprise,../Datasets/RAVDESS/Actor_20/03-01-08-02-01-02-20.wav
1198,surprise,../Datasets/RAVDESS/Actor_20/03-01-08-02-02-01-20.wav
1199,surprise,../Datasets/RAVDESS/Actor_20/03-01-08-02-02-02-20.wav
1200,neutral,../Datasets/RAVDESS/Actor_21/03-01-01-01-01-01-21.wav
1201,neutral,../Datasets/RAVDESS/Actor_21/03-01-01-01-01-02-21.wav
1202,neutral,../Datasets/RAVDESS/Actor_21/03-01-01-01-02-01-21.wav
1203,neutral,../Datasets/RAVDESS/Actor_21/03-01-01-01-02-02-21.wav
1204,calm,../Datasets/RAVDESS/Actor_21/03-01-02-01-01-01-21.wav
1205,calm,../Datasets/RAVDESS/Actor_21/03-01-02-01-01-02-21.wav
1206,calm,../Datasets/RAVDESS/Actor_21/03-01-02-01-02-01-21.wav
1207,calm,../Datasets/RAVDESS/Actor_21/03-01-02-01-02-02-21.wav
1208,calm,../Datasets/RAVDESS/Actor_21/03-01-02-02-01-01-21.wav
1209,calm,../Datasets/RAVDESS/Actor_21/03-01-02-02-01-02-21.wav
1210,calm,../Datasets/RAVDESS/Actor_21/03-01-02-02-02-01-21.wav
1211,calm,../Datasets/RAVDESS/Actor_21/03-01-02-02-02-02-21.wav
1212,happy,../Datasets/RAVDESS/Actor_21/03-01-03-01-01-01-21.wav
1213,happy,../Datasets/RAVDESS/Actor_21/03-01-03-01-01-02-21.wav
1214,happy,../Datasets/RAVDESS/Actor_21/03-01-03-01-02-01-21.wav
1215,happy,../Datasets/RAVDESS/Actor_21/03-01-03-01-02-02-21.wav
1216,happy,../Datasets/RAVDESS/Actor_21/03-01-03-02-01-01-21.wav
1217,happy,../Datasets/RAVDESS/Actor_21/03-01-03-02-01-02-21.wav
1218,happy,../Datasets/RAVDESS/Actor_21/03-01-03-02-02-01-21.wav
1219,happy,../Datasets/RAVDESS/Actor_21/03-01-03-02-02-02-21.wav
1220,sad,../Datasets/RAVDESS/Actor_21/03-01-04-01-01-01-21.wav
1221,sad,../Datasets/RAVDESS/Actor_21/03-01-04-01-01-02-21.wav
1222,sad,../Datasets/RAVDESS/Actor_21/03-01-04-01-02-01-21.wav
1223,sad,../Datasets/RAVDESS/Actor_21/03-01-04-01-02-02-21.wav
1224,sad,../Datasets/RAVDESS/Actor_21/03-01-04-02-01-01-21.wav
1225,sad,../Datasets/RAVDESS/Actor_21/03-01-04-02-01-02-21.wav
1226,sad,../Datasets/RAVDESS/Actor_21/03-01-04-02-02-01-21.wav
1227,sad,../Datasets/RAVDESS/Actor_21/03-01-04-02-02-02-21.wav
1228,angry,../Datasets/RAVDESS/Actor_21/03-01-05-01-01-01-21.wav
1229,angry,../Datasets/RAVDESS/Actor_21/03-01-05-01-01-02-21.wav
1230,angry,../Datasets/RAVDESS/Actor_21/03-01-05-01-02-01-21.wav
1231,angry,../Datasets/RAVDESS/Actor_21/03-01-05-01-02-02-21.wav
1232,angry,../Datasets/RAVDESS/Actor_21/03-01-05-02-01-01-21.wav
1233,angry,../Datasets/RAVDESS/Actor_21/03-01-05-02-01-02-21.wav
1234,angry,../Datasets/RAVDESS/Actor_21/03-01-05-02-02-01-21.wav
1235,angry,../Datasets/RAVDESS/Actor_21/03-01-05-02-02-02-21.wav
1236,fear,../Datasets/RAVDESS/Actor_21/03-01-06-01-01-01-21.wav
1237,fear,../Datasets/RAVDESS/Actor_21/03-01-06-01-01-02-21.wav
1238,fear,../Datasets/RAVDESS/Actor_21/03-01-06-01-02-01-21.wav
1239,fear,../Datasets/RAVDESS/Actor_21/03-01-06-01-02-02-21.wav
1240,fear,../Datasets/RAVDESS/Actor_21/03-01-06-02-01-01-21.wav
1241,fear,../Datasets/RAVDESS/Actor_21/03-01-06-02-01-02-21.wav
1242,fear,../Datasets/RAVDESS/Actor_21/03-01-06-02-02-01-21.wav
1243,fear,../Datasets/RAVDESS/Actor_21/03-01-06-02-02-02-21.wav
1244,disgust,../Datasets/RAVDESS/Actor_21/03-01-07-01-01-01-21.wav
1245,disgust,../Datasets/RAVDESS/Actor_21/03-01-07-01-01-02-21.wav
1246,disgust,../Datasets/RAVDESS/Actor_21/03-01-07-01-02-01-21.wav
1247,disgust,../Datasets/RAVDESS/Actor_21/03-01-07-01-02-02-21.wav
1248,disgust,../Datasets/RAVDESS/Actor_21/03-01-07-02-01-01-21.wav
1249,disgust,../Datasets/RAVDESS/Actor_21/03-01-07-02-01-02-21.wav
1250,disgust,../Datasets/RAVDESS/Actor_21/03-01-07-02-02-01-21.wav
1251,disgust,../Datasets/RAVDESS/Actor_21/03-01-07-02-02-02-21.wav
1252,surprise,../Datasets/RAVDESS/Actor_21/03-01-08-01-01-01-21.wav
1253,surprise,../Datasets/RAVDESS/Actor_21/03-01-08-01-01-02-21.wav
1254,surprise,../Datasets/RAVDESS/Actor_21/03-01-08-01-02-01-21.wav
1255,surprise,../Datasets/RAVDESS/Actor_21/03-01-08-01-02-02-21.wav
1256,surprise,../Datasets/RAVDESS/Actor_21/03-01-08-02-01-01-21.wav
1257,surprise,../Datasets/RAVDESS/Actor_21/03-01-08-02-01-02-21.wav
1258,surprise,../Datasets/RAVDESS/Actor_21/03-01-08-02-02-01-21.wav
1259,surprise,../Datasets/RAVDESS/Actor_21/03-01-08-02-02-02-21.wav
1260,neutral,../Datasets/RAVDESS/Actor_22/03-01-01-01-01-01-22.wav
1261,neutral,../Datasets/RAVDESS/Actor_22/03-01-01-01-01-02-22.wav
1262,neutral,../Datasets/RAVDESS/Actor_22/03-01-01-01-02-01-22.wav
1263,neutral,../Datasets/RAVDESS/Actor_22/03-01-01-01-02-02-22.wav
1264,calm,../Datasets/RAVDESS/Actor_22/03-01-02-01-01-01-22.wav
1265,calm,../Datasets/RAVDESS/Actor_22/03-01-02-01-01-02-22.wav
1266,calm,../Datasets/RAVDESS/Actor_22/03-01-02-01-02-01-22.wav
1267,calm,../Datasets/RAVDESS/Actor_22/03-01-02-01-02-02-22.wav
1268,calm,../Datasets/RAVDESS/Actor_22/03-01-02-02-01-01-22.wav
1269,calm,../Datasets/RAVDESS/Actor_22/03-01-02-02-01-02-22.wav
1270,calm,../Datasets/RAVDESS/Actor_22/03-01-02-02-02-01-22.wav
1271,calm,../Datasets/RAVDESS/Actor_22/03-01-02-02-02-02-22.wav
1272,happy,../Datasets/RAVDESS/Actor_22/03-01-03-01-01-01-22.wav
1273,happy,../Datasets/RAVDESS/Actor_22/03-01-03-01-01-02-22.wav
1274,happy,../Datasets/RAVDESS/Actor_22/03-01-03-01-02-01-22.wav
1275,happy,../Datasets/RAVDESS/Actor_22/03-01-03-01-02-02-22.wav
1276,happy,../Datasets/RAVDESS/Actor_22/03-01-03-02-01-01-22.wav
1277,happy,../Datasets/RAVDESS/Actor_22/03-01-03-02-01-02-22.wav
1278,happy,../Datasets/RAVDESS/Actor_22/03-01-03-02-02-01-22.wav
1279,happy,../Datasets/RAVDESS/Actor_22/03-01-03-02-02-02-22.wav
1280,sad,../Datasets/RAVDESS/Actor_22/03-01-04-01-01-01-22.wav
1281,sad,../Datasets/RAVDESS/Actor_22/03-01-04-01-01-02-22.wav
1282,sad,../Datasets/RAVDESS/Actor_22/03-01-04-01-02-01-22.wav
1283,sad,../Datasets/RAVDESS/Actor_22/03-01-04-01-02-02-22.wav
1284,sad,../Datasets/RAVDESS/Actor_22/03-01-04-02-01-01-22.wav
1285,sad,../Datasets/RAVDESS/Actor_22/03-01-04-02-01-02-22.wav
1286,sad,../Datasets/RAVDESS/Actor_22/03-01-04-02-02-01-22.wav
1287,sad,../Datasets/RAVDESS/Actor_22/03-01-04-02-02-02-22.wav
1288,angry,../Datasets/RAVDESS/Actor_22/03-01-05-01-01-01-22.wav
1289,angry,../Datasets/RAVDESS/Actor_22/03-01-05-01-01-02-22.wav
1290,angry,../Datasets/RAVDESS/Actor_22/03-01-05-01-02-01-22.wav
1291,angry,../Datasets/RAVDESS/Actor_22/03-01-05-01-02-02-22.wav
1292,angry,../Datasets/RAVDESS/Actor_22/03-01-05-02-01-01-22.wav
1293,angry,../Datasets/RAVDESS/Actor_22/03-01-05-02-01-02-22.wav
1294,angry,../Datasets/RAVDESS/Actor_22/03-01-05-02-02-01-22.wav
1295,angry,../Datasets/RAVDESS/Actor_22/03-01-05-02-02-02-22.wav
1296,fear,../Datasets/RAVDESS/Actor_22/03-01-06-01-01-01-22.wav
1297,fear,../Datasets/RAVDESS/Actor_22/03-01-06-01-01-02-22.wav
1298,fear,../Datasets/RAVDESS/Actor_22/03-01-06-01-02-01-22.wav
1299,fear,../Datasets/RAVDESS/Actor_22/03-01-06-01-02-02-22.wav
1300,fear,../Datasets/RAVDESS/Actor_22/03-01-06-02-01-01-22.wav
1301,fear,../Datasets/RAVDESS/Actor_22/03-01-06-02-01-02-22.wav
1302,fear,../Datasets/RAVDESS/Actor_22/03-01-06-02-02-01-22.wav
1303,fear,../Datasets/RAVDESS/Actor_22/03-01-06-02-02-02-22.wav
1304,disgust,../Datasets/RAVDESS/Actor_22/03-01-07-01-01-01-22.wav
1305,disgust,../Datasets/RAVDESS/Actor_22/03-01-07-01-01-02-22.wav
1306,disgust,../Datasets/RAVDESS/Actor_22/03-01-07-01-02-01-22.wav
1307,disgust,../Datasets/RAVDESS/Actor_22/03-01-07-01-02-02-22.wav
1308,disgust,../Datasets/RAVDESS/Actor_22/03-01-07-02-01-01-22.wav
1309,disgust,../Datasets/RAVDESS/Actor_22/03-01-07-02-01-02-22.wav
1310,disgust,../Datasets/RAVDESS/Actor_22/03-01-07-02-02-01-22.wav
1311,disgust,../Datasets/RAVDESS/Actor_22/03-01-07-02-02-02-22.wav
1312,surprise,../Datasets/RAVDESS/Actor_22/03-01-08-01-01-01-22.wav
1313,surprise,../Datasets/RAVDESS/Actor_22/03-01-08-01-01-02-22.wav
1314,surprise,../Datasets/RAVDESS/Actor_22/03-01-08-01-02-01-22.wav
1315,surprise,../Datasets/RAVDESS/Actor_22/03-01-08-01-02-02-22.wav
1316,surprise,../Datasets/RAVDESS/Actor_22/03-01-08-02-01-01-22.wav
1317,surprise,../Datasets/RAVDESS/Actor_22/03-01-08-02-01-02-22.wav
1318,surprise,../Datasets/RAVDESS/Actor_22/03-01-08-02-02-01-22.wav
1319,surprise,../Datasets/RAVDESS/Actor_22/03-01-08-02-02-02-22.wav
1320,neutral,../Datasets/RAVDESS/Actor_23/03-01-01-01-01-01-23.wav
1321,neutral,../Datasets/RAVDESS/Actor_23/03-01-01-01-01-02-23.wav
1322,neutral,../Datasets/RAVDESS/Actor_23/03-01-01-01-02-01-23.wav
1323,neutral,../Datasets/RAVDESS/Actor_23/03-01-01-01-02-02-23.wav
1324,calm,../Datasets/RAVDESS/Actor_23/03-01-02-01-01-01-23.wav
1325,calm,../Datasets/RAVDESS/Actor_23/03-01-02-01-01-02-23.wav
1326,calm,../Datasets/RAVDESS/Actor_23/03-01-02-01-02-01-23.wav
1327,calm,../Datasets/RAVDESS/Actor_23/03-01-02-01-02-02-23.wav
1328,calm,../Datasets/RAVDESS/Actor_23/03-01-02-02-01-01-23.wav
1329,calm,../Datasets/RAVDESS/Actor_23/03-01-02-02-01-02-23.wav
1330,calm,../Datasets/RAVDESS/Actor_23/03-01-02-02-02-01-23.wav
1331,calm,../Datasets/RAVDESS/Actor_23/03-01-02-02-02-02-23.wav
1332,happy,../Datasets/RAVDESS/Actor_23/03-01-03-01-01-01-23.wav
1333,happy,../Datasets/RAVDESS/Actor_23/03-01-03-01-01-02-23.wav
1334,happy,../Datasets/RAVDESS/Actor_23/03-01-03-01-02-01-23.wav
1335,happy,../Datasets/RAVDESS/Actor_23/03-01-03-01-02-02-23.wav
1336,happy,../Datasets/RAVDESS/Actor_23/03-01-03-02-01-01-23.wav
1337,happy,../Datasets/RAVDESS/Actor_23/03-01-03-02-01-02-23.wav
1338,happy,../Datasets/RAVDESS/Actor_23/03-01-03-02-02-01-23.wav
1339,happy,../Datasets/RAVDESS/Actor_23/03-01-03-02-02-02-23.wav
1340,sad,../Datasets/RAVDESS/Actor_23/03-01-04-01-01-01-23.wav
1341,sad,../Datasets/RAVDESS/Actor_23/03-01-04-01-01-02-23.wav
1342,sad,../Datasets/RAVDESS/Actor_23/03-01-04-01-02-01-23.wav
1343,sad,../Datasets/RAVDESS/Actor_23/03-01-04-01-02-02-23.wav
1344,sad,../Datasets/RAVDESS/Actor_23/03-01-04-02-01-01-23.wav
1345,sad,../Datasets/RAVDESS/Actor_23/03-01-04-02-01-02-23.wav
1346,sad,../Datasets/RAVDESS/Actor_23/03-01-04-02-02-01-23.wav
1347,sad,../Datasets/RAVDESS/Actor_23/03-01-04-02-02-02-23.wav
1348,angry,../Datasets/RAVDESS/Actor_23/03-01-05-01-01-01-23.wav
1349,angry,../Datasets/RAVDESS/Actor_23/03-01-05-01-01-02-23.wav
1350,angry,../Datasets/RAVDESS/Actor_23/03-01-05-01-02-01-23.wav
1351,angry,../Datasets/RAVDESS/Actor_23/03-01-05-01-02-02-23.wav
1352,angry,../Datasets/RAVDESS/Actor_23/03-01-05-02-01-01-23.wav
1353,angry,../Datasets/RAVDESS/Actor_23/03-01-05-02-01-02-23.wav
1354,angry,../Datasets/RAVDESS/Actor_23/03-01-05-02-02-01-23.wav
1355,angry,../Datasets/RAVDESS/Actor_23/03-01-05-02-02-02-23.wav
1356,fear,../Datasets/RAVDESS/Actor_23/03-01-06-01-01-01-23.wav
1357,fear,../Datasets/RAVDESS/Actor_23/03-01-06-01-01-02-23.wav
1358,fear,../Datasets/RAVDESS/Actor_23/03-01-06-01-02-01-23.wav
1359,fear,../Datasets/RAVDESS/Actor_23/03-01-06-01-02-02-23.wav
1360,fear,../Datasets/RAVDESS/Actor_23/03-01-06-02-01-01-23.wav
1361,fear,../Datasets/RAVDESS/Actor_23/03-01-06-02-01-02-23.wav
1362,fear,../Datasets/RAVDESS/Actor_23/03-01-06-02-02-01-23.wav
1363,fear,../Datasets/RAVDESS/Actor_23/03-01-06-02-02-02-23.wav
1364,disgust,../Datasets/RAVDESS/Actor_23/03-01-07-01-01-01-23.wav
1365,disgust,../Datasets/RAVDESS/Actor_23/03-01-07-01-01-02-23.wav
1366,disgust,../Datasets/RAVDESS/Actor_23/03-01-07-01-02-01-23.wav
1367,disgust,../Datasets/RAVDESS/Actor_23/03-01-07-01-02-02-23.wav
1368,disgust,../Datasets/RAVDESS/Actor_23/03-01-07-02-01-01-23.wav
1369,disgust,../Datasets/RAVDESS/Actor_23/03-01-07-02-01-02-23.wav
1370,disgust,../Datasets/RAVDESS/Actor_23/03-01-07-02-02-01-23.wav
1371,disgust,../Datasets/RAVDESS/Actor_23/03-01-07-02-02-02-23.wav
1372,surprise,../Datasets/RAVDESS/Actor_23/03-01-08-01-01-01-23.wav
1373,surprise,../Datasets/RAVDESS/Actor_23/03-01-08-01-01-02-23.wav
1374,surprise,../Datasets/RAVDESS/Actor_23/03-01-08-01-02-01-23.wav
1375,surprise,../Datasets/RAVDESS/Actor_23/03-01-08-01-02-02-23.wav
1376,surprise,../Datasets/RAVDESS/Actor_23/03-01-08-02-01-01-23.wav
1377,surprise,../Datasets/RAVDESS/Actor_23/03-01-08-02-01-02-23.wav
1378,surprise,../Datasets/RAVDESS/Actor_23/03-01-08-02-02-01-23.wav
1379,surprise,../Datasets/RAVDESS/Actor_23/03-01-08-02-02-02-23.wav
1380,neutral,../Datasets/RAVDESS/Actor_24/03-01-01-01-01-01-24.wav
1381,neutral,../Datasets/RAVDESS/Actor_24/03-01-01-01-01-02-24.wav
1382,neutral,../Datasets/RAVDESS/Actor_24/03-01-01-01-02-01-24.wav
1383,neutral,../Datasets/RAVDESS/Actor_24/03-01-01-01-02-02-24.wav
1384,calm,../Datasets/RAVDESS/Actor_24/03-01-02-01-01-01-24.wav
1385,calm,../Datasets/RAVDESS/Actor_24/03-01-02-01-01-02-24.wav
1386,calm,../Datasets/RAVDESS/Actor_24/03-01-02-01-02-01-24.wav
1387,calm,../Datasets/RAVDESS/Actor_24/03-01-02-01-02-02-24.wav
1388,calm,../Datasets/RAVDESS/Actor_24/03-01-02-02-01-01-24.wav
1389,calm,../Datasets/RAVDESS/Actor_24/03-01-02-02-01-02-24.wav
1390,calm,../Datasets/RAVDESS/Actor_24/03-01-02-02-02-01-24.wav
1391,calm,../Datasets/RAVDESS/Actor_24/03-01-02-02-02-02-24.wav
1392,happy,../Datasets/RAVDESS/Actor_24/03-01-03-01-01-01-24.wav
1393,happy,../Datasets/RAVDESS/Actor_24/03-01-03-01-01-02-24.wav
1394,happy,../Datasets/RAVDESS/Actor_24/03-01-03-01-02-01-24.wav
1395,happy,../Datasets/RAVDESS/Actor_24/03-01-03-01-02-02-24.wav
1396,happy,../Datasets/RAVDESS/Actor_24/03-01-03-02-01-01-24.wav
1397,happy,../Datasets/RAVDESS/Actor_24/03-01-03-02-01-02-24.wav
1398,happy,../Datasets/RAVDESS/Actor_24/03-01-03-02-02-01-24.wav
1399,happy,../Datasets/RAVDESS/Actor_24/03-01-03-02-02-02-24.wav
1400,sad,../Datasets/RAVDESS/Actor_24/03-01-04-01-01-01-24.wav
1401,sad,../Datasets/RAVDESS/Actor_24/03-01-04-01-01-02-24.wav
1402,sad,../Datasets/RAVDESS/Actor_24/03-01-04-01-02-01-24.wav
1403,sad,../Datasets/RAVDESS/Actor_24/03-01-04-01-02-02-24.wav
1404,sad,../Datasets/RAVDESS/Actor_24/03-01-04-02-01-01-24.wav
1405,sad,../Datasets/RAVDESS/Actor_24/03-01-04-02-01-02-24.wav
1406,sad,../Datasets/RAVDESS/Actor_24/03-01-04-02-02-01-24.wav
1407,sad,../Datasets/RAVDESS/Actor_24/03-01-04-02-02-02-24.wav
1408,angry,../Datasets/RAVDESS/Actor_24/03-01-05-01-01-01-24.wav
1409,angry,../Datasets/RAVDESS/Actor_24/03-01-05-01-01-02-24.wav
1410,angry,../Datasets/RAVDESS/Actor_24/03-01-05-01-02-01-24.wav
1411,angry,../Datasets/RAVDESS/Actor_24/03-01-05-01-02-02-24.wav
1412,angry,../Datasets/RAVDESS/Actor_24/03-01-05-02-01-01-24.wav
1413,angry,../Datasets/RAVDESS/Actor_24/03-01-05-02-01-02-24.wav
1414,angry,../Datasets/RAVDESS/Actor_24/03-01-05-02-02-01-24.wav
1415,angry,../Datasets/RAVDESS/Actor_24/03-01-05-02-02-02-24.wav
1416,fear,../Datasets/RAVDESS/Actor_24/03-01-06-01-01-01-24.wav
1417,fear,../Datasets/RAVDESS/Actor_24/03-01-06-01-01-02-24.wav
1418,fear,../Datasets/RAVDESS/Actor_24/03-01-06-01-02-01-24.wav
1419,fear,../Datasets/RAVDESS/Actor_24/03-01-06-01-02-02-24.wav
1420,fear,../Datasets/RAVDESS/Actor_24/03-01-06-02-01-01-24.wav
1421,fear,../Datasets/RAVDESS/Actor_24/03-01-06-02-01-02-24.wav
1422,fear,../Datasets/RAVDESS/Actor_24/03-01-06-02-02-01-24.wav
1423,fear,../Datasets/RAVDESS/Actor_24/03-01-06-02-02-02-24.wav
1424,disgust,../Datasets/RAVDESS/Actor_24/03-01-07-01-01-01-24.wav
1425,disgust,../Datasets/RAVDESS/Actor_24/03-01-07-01-01-02-24.wav
1426,disgust,../Datasets/RAVDESS/Actor_24/03-01-07-01-02-01-24.wav
1427,disgust,../Datasets/RAVDESS/Actor_24/03-01-07-01-02-02-24.wav
1428,disgust,../Datasets/RAVDESS/Actor_24/03-01-07-02-01-01-24.wav
1429,disgust,../Datasets/RAVDESS/Actor_24/03-01-07-02-01-02-24.wav
1430,disgust,../Datasets/RAVDESS/Actor_24/03-01-07-02-02-01-24.wav
1431,disgust,../Datasets/RAVDESS/Actor_24/03-01-07-02-02-02-24.wav
1432,surprise,../Datasets/RAVDESS/Actor_24/03-01-08-01-01-01-24.wav
1433,surprise,../Datasets/RAVDESS/Actor_24/03-01-08-01-01-02-24.wav
1434,surprise,../Datasets/RAVDESS/Actor_24/03-01-08-01-02-01-24.wav
1435,surprise,../Datasets/RAVDESS/Actor_24/03-01-08-01-02-02-24.wav
1436,surprise,../Datasets/RAVDESS/Actor_24/03-01-08-02-01-01-24.wav
1437,surprise,../Datasets/RAVDESS/Actor_24/03-01-08-02-01-02-24.wav
1438,surprise,../Datasets/RAVDESS/Actor_24/03-01-08-02-02-01-24.wav
1439,surprise,../Datasets/RAVDESS/Actor_24/03-01-08-02-02-02-24.wav
